IP Address,Timestamp,Request type,Browser info
10.222.130.57,16/Nov/2023:10:05:51 +0100,/~djovanoska/,"Mozilla/5.0 (Windows NT 10.0; Win64; x64) AppleWebKit/537.36 (KHTML, like Gecko) Chrome/119.0.0.0 Safari/537.36"
119.0.0.0,16/Nov/2023:10:05:51 +0100,/~djovanoska/images/Logo.png,"Mozilla/5.0 (Windows NT 10.0; Win64; x64) AppleWebKit/537.36 (KHTML, like Gecko) Chrome/119.0.0.0 Safari/537.36"
10.222.130.57,16/Nov/2023:10:05:51 +0100,/~djovanoska/images/Logo1.png,"Mozilla/5.0 (Windows NT 10.0; Win64; x64) AppleWebKit/537.36 (KHTML, like Gecko) Chrome/119.0.0.0 Safari/537.36"
119.0.0.0,16/Nov/2023:10:05:51 +0100,/~djovanoska/styles.css,"Mozilla/5.0 (Windows NT 10.0; Win64; x64) AppleWebKit/537.36 (KHTML, like Gecko) Chrome/119.0.0.0 Safari/537.36"
10.222.130.57,16/Nov/2023:10:05:51 +0100,/~djovanoska/images/START_TODAY!.png,"Mozilla/5.0 (Windows NT 10.0; Win64; x64) AppleWebKit/537.36 (KHTML, like Gecko) Chrome/119.0.0.0 Safari/537.36"
119.0.0.0,16/Nov/2023:10:05:51 +0100,/~djovanoska/images/WWW.png,"Mozilla/5.0 (Windows NT 10.0; Win64; x64) AppleWebKit/537.36 (KHTML, like Gecko) Chrome/119.0.0.0 Safari/537.36"
10.222.130.57,16/Nov/2023:10:05:51 +0100,/~djovanoska/images/BG1.png,"Mozilla/5.0 (Windows NT 10.0; Win64; x64) AppleWebKit/537.36 (KHTML, like Gecko) Chrome/119.0.0.0 Safari/537.36"
119.0.0.0,16/Nov/2023:10:05:55 +0100,/~djovanoska/signin.html,"Mozilla/5.0 (Windows NT 10.0; Win64; x64) AppleWebKit/537.36 (KHTML, like Gecko) Chrome/119.0.0.0 Safari/537.36"
10.222.130.57,16/Nov/2023:10:05:55 +0100,/~djovanoska/images/Sign.png,"Mozilla/5.0 (Windows NT 10.0; Win64; x64) AppleWebKit/537.36 (KHTML, like Gecko) Chrome/119.0.0.0 Safari/537.36"
119.0.0.0,16/Nov/2023:10:05:58 +0100,/~djovanoska/user.html,"Mozilla/5.0 (Windows NT 10.0; Win64; x64) AppleWebKit/537.36 (KHTML, like Gecko) Chrome/119.0.0.0 Safari/537.36"
10.222.130.57,16/Nov/2023:10:05:58 +0100,/~djovanoska/images/SU.png,"Mozilla/5.0 (Windows NT 10.0; Win64; x64) AppleWebKit/537.36 (KHTML, like Gecko) Chrome/119.0.0.0 Safari/537.36"
119.0.0.0,16/Nov/2023:10:07:38 +0100,/~djovanoska/user.html,"Mozilla/5.0 (Windows NT 10.0; Win64; x64) AppleWebKit/537.36 (KHTML, like Gecko) Chrome/119.0.0.0 Safari/537.36"
10.222.130.57,16/Nov/2023:10:07:46 +0100,/~djovanoska/,"Mozilla/5.0 (Windows NT 10.0; Win64; x64) AppleWebKit/537.36 (KHTML, like Gecko) Chrome/119.0.0.0 Safari/537.36"
119.0.0.0,16/Nov/2023:10:08:19 +0100,,"Mozilla/5.0 (Windows NT 10.0; Win64; x64) AppleWebKit/537.36 (KHTML, like Gecko) Chrome/119.0.0.0 Safari/537.36"
10.222.130.57,16/Nov/2023:10:09:18 +0100,,"Mozilla/5.0 (Windows NT 10.0; Win64; x64) AppleWebKit/537.36 (KHTML, like Gecko) Chrome/119.0.0.0 Safari/537.36"
119.0.0.0,16/Nov/2023:10:15:46 +0100,/~djovanoska/styles.css,"Mozilla/5.0 (Macintosh; Intel Mac OS X 10_15_7) AppleWebKit/537.36 (KHTML, like Gecko) Chrome/119.0.0.0 Safari/537.36"
10.222.130.57,16/Nov/2023:13:06:02 +0100,,"Mozilla/5.0 (Macintosh; Intel Mac OS X 10_15_7) AppleWebKit/537.36 (KHTML, like Gecko) Chrome/119.0.0.0 Safari/537.36"
119.0.0.0,16/Nov/2023:13:07:00 +0100,,"Mozilla/5.0 (Macintosh; Intel Mac OS X 10_15_7) AppleWebKit/537.36 (KHTML, like Gecko) Chrome/119.0.0.0 Safari/537.36"
10.222.130.57,16/Nov/2023:13:07:37 +0100,,"Mozilla/5.0 (Macintosh; Intel Mac OS X 10_15_7) AppleWebKit/537.36 (KHTML, like Gecko) Chrome/119.0.0.0 Safari/537.36"
119.0.0.0,16/Nov/2023:13:07:46 +0100,,"Mozilla/5.0 (Macintosh; Intel Mac OS X 10_15_7) AppleWebKit/537.36 (KHTML, like Gecko) Chrome/119.0.0.0 Safari/537.36"
10.222.130.57,16/Nov/2023:13:07:53 +0100,/~djovanoska/signin.html,"Mozilla/5.0 (Macintosh; Intel Mac OS X 10_15_7) AppleWebKit/537.36 (KHTML, like Gecko) Chrome/119.0.0.0 Safari/537.36"
119.0.0.0,16/Nov/2023:13:07:53 +0100,/~djovanoska/styles.css,"Mozilla/5.0 (Macintosh; Intel Mac OS X 10_15_7) AppleWebKit/537.36 (KHTML, like Gecko) Chrome/119.0.0.0 Safari/537.36"
10.222.130.57,16/Nov/2023:13:07:55 +0100,/~djovanoska/user.html,"Mozilla/5.0 (Macintosh; Intel Mac OS X 10_15_7) AppleWebKit/537.36 (KHTML, like Gecko) Chrome/119.0.0.0 Safari/537.36"
119.0.0.0,16/Nov/2023:13:07:56 +0100,/~djovanoska/images/SU.png,"Mozilla/5.0 (Macintosh; Intel Mac OS X 10_15_7) AppleWebKit/537.36 (KHTML, like Gecko) Chrome/119.0.0.0 Safari/537.36"
10.222.130.57,16/Nov/2023:13:08:13 +0100,,"Mozilla/5.0 (Macintosh; Intel Mac OS X 10_15_7) AppleWebKit/537.36 (KHTML, like Gecko) Chrome/119.0.0.0 Safari/537.36"
119.0.0.0,16/Nov/2023:13:08:20 +0100,,"Mozilla/5.0 (Macintosh; Intel Mac OS X 10_15_7) AppleWebKit/537.36 (KHTML, like Gecko) Chrome/119.0.0.0 Safari/537.36"
10.222.130.57,16/Nov/2023:13:08:26 +0100,,"Mozilla/5.0 (Macintosh; Intel Mac OS X 10_15_7) AppleWebKit/537.36 (KHTML, like Gecko) Chrome/119.0.0.0 Safari/537.36"
119.0.0.0,16/Nov/2023:13:08:33 +0100,,"Mozilla/5.0 (Macintosh; Intel Mac OS X 10_15_7) AppleWebKit/537.36 (KHTML, like Gecko) Chrome/119.0.0.0 Safari/537.36"
10.222.130.57,16/Nov/2023:13:08:37 +0100,/~djovanoska/contact.html,"Mozilla/5.0 (Macintosh; Intel Mac OS X 10_15_7) AppleWebKit/537.36 (KHTML, like Gecko) Chrome/119.0.0.0 Safari/537.36"
119.0.0.0,16/Nov/2023:13:08:40 +0100,/~djovanoska/imprint.html,"Mozilla/5.0 (Macintosh; Intel Mac OS X 10_15_7) AppleWebKit/537.36 (KHTML, like Gecko) Chrome/119.0.0.0 Safari/537.36"
10.82.203.32,16/Nov/2023:13:08:40 +0100,/~djovanoska/images/imprint.png,"Mozilla/5.0 (Macintosh; Intel Mac OS X 10_15_7) AppleWebKit/537.36 (KHTML, like Gecko) Chrome/119.0.0.0 Safari/537.36"
119.0.0.0,16/Nov/2023:13:08:47 +0100,/~djovanoska/index.html,"Mozilla/5.0 (Macintosh; Intel Mac OS X 10_15_7) AppleWebKit/537.36 (KHTML, like Gecko) Chrome/119.0.0.0 Safari/537.36"
10.82.203.32,16/Nov/2023:13:08:53 +0100,,"Mozilla/5.0 (Macintosh; Intel Mac OS X 10_15_7) AppleWebKit/537.36 (KHTML, like Gecko) Chrome/119.0.0.0 Safari/537.36"
119.0.0.0,16/Nov/2023:13:16:25 +0100,,"Mozilla/5.0 (Windows NT 10.0; Win64; x64) AppleWebKit/537.36 (KHTML, like Gecko) Chrome/119.0.0.0 Safari/537.36"
10.82.203.32,16/Nov/2023:13:16:34 +0100,/~djovanoska/signin.html,"Mozilla/5.0 (Windows NT 10.0; Win64; x64) AppleWebKit/537.36 (KHTML, like Gecko) Chrome/119.0.0.0 Safari/537.36"
119.0.0.0,16/Nov/2023:13:16:43 +0100,,"Mozilla/5.0 (Windows NT 10.0; Win64; x64) AppleWebKit/537.36 (KHTML, like Gecko) Chrome/119.0.0.0 Safari/537.36"
10.82.203.32,16/Nov/2023:13:30:44 +0100,,"Mozilla/5.0 (Windows NT 10.0; Win64; x64) AppleWebKit/537.36 (KHTML, like Gecko) Chrome/119.0.0.0 Safari/537.36"
119.0.0.0,16/Nov/2023:13:36:06 +0100,,"Mozilla/5.0 (Windows NT 10.0; Win64; x64) AppleWebKit/537.36 (KHTML, like Gecko) Chrome/119.0.0.0 Safari/537.36"
10.82.203.32,16/Nov/2023:13:42:49 +0100,/~djovanoska/user.html,"Mozilla/5.0 (Windows NT 10.0; Win64; x64) AppleWebKit/537.36 (KHTML, like Gecko) Chrome/119.0.0.0 Safari/537.36"
119.0.0.0,16/Nov/2023:13:42:51 +0100,/~djovanoska/user.html,"Mozilla/5.0 (Windows NT 10.0; Win64; x64) AppleWebKit/537.36 (KHTML, like Gecko) Chrome/119.0.0.0 Safari/537.36"
10.82.203.32,16/Nov/2023:13:43:14 +0100,,"Mozilla/5.0 (Windows NT 10.0; Win64; x64) AppleWebKit/537.36 (KHTML, like Gecko) Chrome/119.0.0.0 Safari/537.36"
119.0.0.0,16/Nov/2023:13:43:26 +0100,/~djovanoska/user.php,"Mozilla/5.0 (Windows NT 10.0; Win64; x64) AppleWebKit/537.36 (KHTML, like Gecko) Chrome/119.0.0.0 Safari/537.36"
10.82.203.32,16/Nov/2023:13:43:30 +0100,/~djovanoska/user.php,"Mozilla/5.0 (Windows NT 10.0; Win64; x64) AppleWebKit/537.36 (KHTML, like Gecko) Chrome/119.0.0.0 Safari/537.36"
119.0.0.0,16/Nov/2023:13:43:45 +0100,/~djovanoska/user.php,"Mozilla/5.0 (Windows NT 10.0; Win64; x64) AppleWebKit/537.36 (KHTML, like Gecko) Chrome/119.0.0.0 Safari/537.36"
10.82.203.32,16/Nov/2023:13:43:46 +0100,/~djovanoska/user.php,"Mozilla/5.0 (Windows NT 10.0; Win64; x64) AppleWebKit/537.36 (KHTML, like Gecko) Chrome/119.0.0.0 Safari/537.36"
119.0.0.0,16/Nov/2023:13:43:46 +0100,/~djovanoska/user.php,"Mozilla/5.0 (Windows NT 10.0; Win64; x64) AppleWebKit/537.36 (KHTML, like Gecko) Chrome/119.0.0.0 Safari/537.36"
10.82.203.32,16/Nov/2023:13:43:47 +0100,/~djovanoska/user.php,"Mozilla/5.0 (Windows NT 10.0; Win64; x64) AppleWebKit/537.36 (KHTML, like Gecko) Chrome/119.0.0.0 Safari/537.36"
119.0.0.0,16/Nov/2023:13:44:34 +0100,,"Mozilla/5.0 (Windows NT 10.0; Win64; x64) AppleWebKit/537.36 (KHTML, like Gecko) Chrome/119.0.0.0 Safari/537.36"
10.82.203.32,16/Nov/2023:13:47:23 +0100,/~djovanoska/user.php,"Mozilla/5.0 (Windows NT 10.0; Win64; x64) AppleWebKit/537.36 (KHTML, like Gecko) Chrome/119.0.0.0 Safari/537.36"
119.0.0.0,16/Nov/2023:14:04:35 +0100,/~djovanoska/styles.css,"Mozilla/5.0 (Windows NT 10.0; Win64; x64) AppleWebKit/537.36 (KHTML, like Gecko) Chrome/119.0.0.0 Safari/537.36"
10.82.203.32,16/Nov/2023:14:27:36 +0100,/~djovanoska/signin.html,"Mozilla/5.0 (Windows NT 10.0; Win64; x64) AppleWebKit/537.36 (KHTML, like Gecko) Chrome/119.0.0.0 Safari/537.36"
119.0.0.0,16/Nov/2023:14:27:55 +0100,,"Mozilla/5.0 (Windows NT 10.0; Win64; x64) AppleWebKit/537.36 (KHTML, like Gecko) Chrome/119.0.0.0 Safari/537.36"
10.82.203.32,16/Nov/2023:14:30:54 +0100,/~djovanoska/user.html,"Mozilla/5.0 (Windows NT 10.0; Win64; x64) AppleWebKit/537.36 (KHTML, like Gecko) Chrome/119.0.0.0 Safari/537.36"
119.0.0.0,16/Nov/2023:14:30:54 +0100,/~djovanoska/styles.css,"Mozilla/5.0 (Windows NT 10.0; Win64; x64) AppleWebKit/537.36 (KHTML, like Gecko) Chrome/119.0.0.0 Safari/537.36"
10.82.203.32,16/Nov/2023:14:31:15 +0100,,"Mozilla/5.0 (Windows NT 10.0; Win64; x64) AppleWebKit/537.36 (KHTML, like Gecko) Chrome/119.0.0.0 Safari/537.36"
119.0.0.0,16/Nov/2023:14:33:29 +0100,/~djovanoska,"Mozilla/5.0 (Windows NT 10.0; Win64; x64) AppleWebKit/537.36 (KHTML, like Gecko) Chrome/119.0.0.0 Safari/537.36"
10.82.203.32,16/Nov/2023:14:33:57 +0100,,"Mozilla/5.0 (Windows NT 10.0; Win64; x64) AppleWebKit/537.36 (KHTML, like Gecko) Chrome/119.0.0.0 Safari/537.36"
119.0.0.0,16/Nov/2023:15:46:00 +0100,/~djovanoska/styles.css,"Mozilla/5.0 (Windows NT 10.0; Win64; x64) AppleWebKit/537.36 (KHTML, like Gecko) Chrome/119.0.0.0 Safari/537.36"
10.82.203.32,16/Nov/2023:15:46:02 +0100,/~djovanoska/,"Mozilla/5.0 (Windows NT 10.0; Win64; x64) AppleWebKit/537.36 (KHTML, like Gecko) Chrome/119.0.0.0 Safari/537.36"
119.0.0.0,16/Nov/2023:15:47:47 +0100,/~djovanoska/user.html,"Mozilla/5.0 (Windows NT 10.0; Win64; x64) AppleWebKit/537.36 (KHTML, like Gecko) Chrome/119.0.0.0 Safari/537.36"
10.82.203.32,16/Nov/2023:16:08:17 +0100,/~djovanoska/,"Mozilla/5.0 (Windows NT 10.0; Win64; x64) AppleWebKit/537.36 (KHTML, like Gecko) Chrome/119.0.0.0 Safari/537.36"
119.0.0.0,16/Nov/2023:16:08:19 +0100,/~djovanoska/new.php,"Mozilla/5.0 (Windows NT 10.0; Win64; x64) AppleWebKit/537.36 (KHTML, like Gecko) Chrome/119.0.0.0 Safari/537.36"
10.82.203.32,16/Nov/2023:16:08:19 +0100,/~djovanoska/style.css,"Mozilla/5.0 (Windows NT 10.0; Win64; x64) AppleWebKit/537.36 (KHTML, like Gecko) Chrome/119.0.0.0 Safari/537.36"
119.0.0.0,16/Nov/2023:16:08:19 +0100,/~djovanoska/img/logo_transparent.png,"Mozilla/5.0 (Windows NT 10.0; Win64; x64) AppleWebKit/537.36 (KHTML, like Gecko) Chrome/119.0.0.0 Safari/537.36"
10.82.203.32,16/Nov/2023:16:08:40 +0100,/~djovanoska/maintenance.php,"Mozilla/5.0 (Windows NT 10.0; Win64; x64) AppleWebKit/537.36 (KHTML, like Gecko) Chrome/119.0.0.0 Safari/537.36"
119.0.0.0,16/Nov/2023:16:52:17 +0100,/~djovanoska/new.php,"Mozilla/5.0 (Windows NT 10.0; Win64; x64) AppleWebKit/537.36 (KHTML, like Gecko) Chrome/119.0.0.0 Safari/537.36"
10.82.191.157,16/Nov/2023:19:12:39 +0100,/~djovanoska/,"Mozilla/5.0 (Windows NT 10.0; Win64; x64) AppleWebKit/537.36 (KHTML, like Gecko) Chrome/119.0.0.0 Safari/537.36"
119.0.0.0,16/Nov/2023:19:12:40 +0100,/~djovanoska/styles.css,"Mozilla/5.0 (Windows NT 10.0; Win64; x64) AppleWebKit/537.36 (KHTML, like Gecko) Chrome/119.0.0.0 Safari/537.36"
10.82.191.157,16/Nov/2023:19:12:44 +0100,/~djovanoska/user.html,"Mozilla/5.0 (Windows NT 10.0; Win64; x64) AppleWebKit/537.36 (KHTML, like Gecko) Chrome/119.0.0.0 Safari/537.36"
119.0.0.0,16/Nov/2023:19:12:44 +0100,/~djovanoska/images/SU.png,"Mozilla/5.0 (Windows NT 10.0; Win64; x64) AppleWebKit/537.36 (KHTML, like Gecko) Chrome/119.0.0.0 Safari/537.36"
10.82.191.157,16/Nov/2023:19:13:22 +0100,,"Mozilla/5.0 (Windows NT 10.0; Win64; x64) AppleWebKit/537.36 (KHTML, like Gecko) Chrome/119.0.0.0 Safari/537.36"
119.0.0.0,16/Nov/2023:19:14:17 +0100,/~djovanoska/user.html,"Mozilla/5.0 (Windows NT 10.0; Win64; x64) AppleWebKit/537.36 (KHTML, like Gecko) Chrome/119.0.0.0 Safari/537.36"
10.82.191.157,16/Nov/2023:19:14:30 +0100,,"Mozilla/5.0 (Windows NT 10.0; Win64; x64) AppleWebKit/537.36 (KHTML, like Gecko) Chrome/119.0.0.0 Safari/537.36"
119.0.0.0,16/Nov/2023:19:23:51 +0100,/~djovanoska/user.html,"Mozilla/5.0 (Windows NT 10.0; Win64; x64) AppleWebKit/537.36 (KHTML, like Gecko) Chrome/119.0.0.0 Safari/537.36"
10.82.191.157,16/Nov/2023:19:24:06 +0100,,"Mozilla/5.0 (Windows NT 10.0; Win64; x64) AppleWebKit/537.36 (KHTML, like Gecko) Chrome/119.0.0.0 Safari/537.36"
119.0.0.0,16/Nov/2023:19:25:43 +0100,/~djovanoska/user.html,"Mozilla/5.0 (Windows NT 10.0; Win64; x64) AppleWebKit/537.36 (KHTML, like Gecko) Chrome/119.0.0.0 Safari/537.36"
10.82.191.157,16/Nov/2023:19:25:57 +0100,,"Mozilla/5.0 (Windows NT 10.0; Win64; x64) AppleWebKit/537.36 (KHTML, like Gecko) Chrome/119.0.0.0 Safari/537.36"
119.0.0.0,16/Nov/2023:19:27:19 +0100,,"Mozilla/5.0 (Windows NT 10.0; Win64; x64) AppleWebKit/537.36 (KHTML, like Gecko) Chrome/119.0.0.0 Safari/537.36"
10.82.191.157,16/Nov/2023:19:28:00 +0100,,"Mozilla/5.0 (Windows NT 10.0; Win64; x64) AppleWebKit/537.36 (KHTML, like Gecko) Chrome/119.0.0.0 Safari/537.36"
119.0.0.0,16/Nov/2023:19:28:50 +0100,/~djovanoska/user.html,"Mozilla/5.0 (Windows NT 10.0; Win64; x64) AppleWebKit/537.36 (KHTML, like Gecko) Chrome/119.0.0.0 Safari/537.36"
10.82.191.157,16/Nov/2023:19:28:57 +0100,/~djovanoska/user.html,"Mozilla/5.0 (Windows NT 10.0; Win64; x64) AppleWebKit/537.36 (KHTML, like Gecko) Chrome/119.0.0.0 Safari/537.36"
119.0.0.0,16/Nov/2023:19:29:28 +0100,,"Mozilla/5.0 (Windows NT 10.0; Win64; x64) AppleWebKit/537.36 (KHTML, like Gecko) Chrome/119.0.0.0 Safari/537.36"
10.82.191.157,16/Nov/2023:19:29:55 +0100,,"Mozilla/5.0 (Windows NT 10.0; Win64; x64) AppleWebKit/537.36 (KHTML, like Gecko) Chrome/119.0.0.0 Safari/537.36"
119.0.0.0,16/Nov/2023:19:34:05 +0100,/~djovanoska/signin.html,"Mozilla/5.0 (Windows NT 10.0; Win64; x64) AppleWebKit/537.36 (KHTML, like Gecko) Chrome/119.0.0.0 Safari/537.36"
10.82.191.157,16/Nov/2023:19:34:13 +0100,,"Mozilla/5.0 (Windows NT 10.0; Win64; x64) AppleWebKit/537.36 (KHTML, like Gecko) Chrome/119.0.0.0 Safari/537.36"
119.0.0.0,16/Nov/2023:19:34:23 +0100,,"Mozilla/5.0 (Windows NT 10.0; Win64; x64) AppleWebKit/537.36 (KHTML, like Gecko) Chrome/119.0.0.0 Safari/537.36"
10.82.191.157,16/Nov/2023:19:36:29 +0100,/~djovanoska/signin.html,"Mozilla/5.0 (Windows NT 10.0; Win64; x64) AppleWebKit/537.36 (KHTML, like Gecko) Chrome/119.0.0.0 Safari/537.36"
119.0.0.0,16/Nov/2023:19:36:35 +0100,,"Mozilla/5.0 (Windows NT 10.0; Win64; x64) AppleWebKit/537.36 (KHTML, like Gecko) Chrome/119.0.0.0 Safari/537.36"
10.82.191.157,16/Nov/2023:19:36:43 +0100,,"Mozilla/5.0 (Windows NT 10.0; Win64; x64) AppleWebKit/537.36 (KHTML, like Gecko) Chrome/119.0.0.0 Safari/537.36"
119.0.0.0,16/Nov/2023:19:37:46 +0100,/~djovanoska/signin.html,"Mozilla/5.0 (Windows NT 10.0; Win64; x64) AppleWebKit/537.36 (KHTML, like Gecko) Chrome/119.0.0.0 Safari/537.36"
10.82.191.157,16/Nov/2023:19:37:52 +0100,,"Mozilla/5.0 (Windows NT 10.0; Win64; x64) AppleWebKit/537.36 (KHTML, like Gecko) Chrome/119.0.0.0 Safari/537.36"
119.0.0.0,16/Nov/2023:19:44:51 +0100,/~djovanoska/signin.html,"Mozilla/5.0 (Windows NT 10.0; Win64; x64) AppleWebKit/537.36 (KHTML, like Gecko) Chrome/119.0.0.0 Safari/537.36"
10.82.191.157,16/Nov/2023:19:44:53 +0100,/~djovanoska/signin.html,"Mozilla/5.0 (Windows NT 10.0; Win64; x64) AppleWebKit/537.36 (KHTML, like Gecko) Chrome/119.0.0.0 Safari/537.36"
119.0.0.0,16/Nov/2023:19:44:57 +0100,,"Mozilla/5.0 (Windows NT 10.0; Win64; x64) AppleWebKit/537.36 (KHTML, like Gecko) Chrome/119.0.0.0 Safari/537.36"
10.82.191.157,16/Nov/2023:19:45:32 +0100,/~djovanoska/signin.html,"Mozilla/5.0 (Windows NT 10.0; Win64; x64) AppleWebKit/537.36 (KHTML, like Gecko) Chrome/119.0.0.0 Safari/537.36"
119.0.0.0,16/Nov/2023:19:45:39 +0100,,"Mozilla/5.0 (Windows NT 10.0; Win64; x64) AppleWebKit/537.36 (KHTML, like Gecko) Chrome/119.0.0.0 Safari/537.36"
10.82.191.157,16/Nov/2023:19:45:45 +0100,,"Mozilla/5.0 (Windows NT 10.0; Win64; x64) AppleWebKit/537.36 (KHTML, like Gecko) Chrome/119.0.0.0 Safari/537.36"
119.0.0.0,16/Nov/2023:19:47:16 +0100,/~djovanoska/signin.html,"Mozilla/5.0 (Windows NT 10.0; Win64; x64) AppleWebKit/537.36 (KHTML, like Gecko) Chrome/119.0.0.0 Safari/537.36"
10.82.191.157,16/Nov/2023:19:47:22 +0100,,"Mozilla/5.0 (Windows NT 10.0; Win64; x64) AppleWebKit/537.36 (KHTML, like Gecko) Chrome/119.0.0.0 Safari/537.36"
119.0.0.0,16/Nov/2023:19:50:21 +0100,/~djovanoska/signin.html,"Mozilla/5.0 (Windows NT 10.0; Win64; x64) AppleWebKit/537.36 (KHTML, like Gecko) Chrome/119.0.0.0 Safari/537.36"
10.82.191.157,16/Nov/2023:19:50:26 +0100,,"Mozilla/5.0 (Windows NT 10.0; Win64; x64) AppleWebKit/537.36 (KHTML, like Gecko) Chrome/119.0.0.0 Safari/537.36"
119.0.0.0,16/Nov/2023:19:50:33 +0100,,"Mozilla/5.0 (Windows NT 10.0; Win64; x64) AppleWebKit/537.36 (KHTML, like Gecko) Chrome/119.0.0.0 Safari/537.36"
10.82.191.157,16/Nov/2023:19:50:59 +0100,/~djovanoska/user.html,"Mozilla/5.0 (Windows NT 10.0; Win64; x64) AppleWebKit/537.36 (KHTML, like Gecko) Chrome/119.0.0.0 Safari/537.36"
119.0.0.0,16/Nov/2023:19:51:14 +0100,/~djovanoska/user.html,"Mozilla/5.0 (Windows NT 10.0; Win64; x64) AppleWebKit/537.36 (KHTML, like Gecko) Chrome/119.0.0.0 Safari/537.36"
10.82.191.157,16/Nov/2023:19:51:41 +0100,,"Mozilla/5.0 (Windows NT 10.0; Win64; x64) AppleWebKit/537.36 (KHTML, like Gecko) Chrome/119.0.0.0 Safari/537.36"
119.0.0.0,16/Nov/2023:19:52:36 +0100,,"Mozilla/5.0 (Windows NT 10.0; Win64; x64) AppleWebKit/537.36 (KHTML, like Gecko) Chrome/119.0.0.0 Safari/537.36"
10.82.191.157,16/Nov/2023:20:00:16 +0100,/~djovanoska/signin.html,"Mozilla/5.0 (Windows NT 10.0; Win64; x64) AppleWebKit/537.36 (KHTML, like Gecko) Chrome/119.0.0.0 Safari/537.36"
119.0.0.0,16/Nov/2023:20:00:18 +0100,/~djovanoska/user.html,"Mozilla/5.0 (Windows NT 10.0; Win64; x64) AppleWebKit/537.36 (KHTML, like Gecko) Chrome/119.0.0.0 Safari/537.36"
10.82.191.157,16/Nov/2023:20:00:40 +0100,/~djovanoska/user.html,"Mozilla/5.0 (Windows NT 10.0; Win64; x64) AppleWebKit/537.36 (KHTML, like Gecko) Chrome/119.0.0.0 Safari/537.36"
119.0.0.0,16/Nov/2023:20:00:57 +0100,,"Mozilla/5.0 (Windows NT 10.0; Win64; x64) AppleWebKit/537.36 (KHTML, like Gecko) Chrome/119.0.0.0 Safari/537.36"
10.82.191.157,16/Nov/2023:20:04:35 +0100,/~djovanoska/signin.html,"Mozilla/5.0 (Macintosh; Intel Mac OS X 10_15_7) AppleWebKit/605.1.15 (KHTML, like Gecko) Version/17.0 Safari/605.1.15"
119.0.0.0,16/Nov/2023:20:04:35 +0100,/~djovanoska/styles.css,"Mozilla/5.0 (Macintosh; Intel Mac OS X 10_15_7) AppleWebKit/605.1.15 (KHTML, like Gecko) Version/17.0 Safari/605.1.15"
10.82.191.157,16/Nov/2023:20:04:35 +0100,/~djovanoska/images/Logo.png,"Mozilla/5.0 (Macintosh; Intel Mac OS X 10_15_7) AppleWebKit/605.1.15 (KHTML, like Gecko) Version/17.0 Safari/605.1.15"
119.0.0.0,16/Nov/2023:20:04:36 +0100,/~djovanoska/images/Sign.png,"Mozilla/5.0 (Macintosh; Intel Mac OS X 10_15_7) AppleWebKit/605.1.15 (KHTML, like Gecko) Version/17.0 Safari/605.1.15"
10.82.191.157,16/Nov/2023:20:05:10 +0100,,"Mozilla/5.0 (Macintosh; Intel Mac OS X 10_15_7) AppleWebKit/605.1.15 (KHTML, like Gecko) Version/17.0 Safari/605.1.15"
119.0.0.0,16/Nov/2023:20:05:50 +0100,,"Mozilla/5.0 (Macintosh; Intel Mac OS X 10_15_7) AppleWebKit/605.1.15 (KHTML, like Gecko) Version/17.0 Safari/605.1.15"
10.82.191.157,16/Nov/2023:20:06:34 +0100,,"Mozilla/5.0 (Macintosh; Intel Mac OS X 10_15_7) AppleWebKit/605.1.15 (KHTML, like Gecko) Version/17.0 Safari/605.1.15"
119.0.0.0,16/Nov/2023:20:06:41 +0100,,"Mozilla/5.0 (Macintosh; Intel Mac OS X 10_15_7) AppleWebKit/605.1.15 (KHTML, like Gecko) Version/17.0 Safari/605.1.15"
10.82.191.157,16/Nov/2023:20:06:55 +0100,,"Mozilla/5.0 (Macintosh; Intel Mac OS X 10_15_7) AppleWebKit/605.1.15 (KHTML, like Gecko) Version/17.0 Safari/605.1.15"
119.0.0.0,16/Nov/2023:20:07:11 +0100,,"Mozilla/5.0 (Macintosh; Intel Mac OS X 10_15_7) AppleWebKit/605.1.15 (KHTML, like Gecko) Version/17.0 Safari/605.1.15"
10.82.191.157,16/Nov/2023:20:07:17 +0100,/~djovanoska/signin.html,"Mozilla/5.0 (Macintosh; Intel Mac OS X 10_15_7) AppleWebKit/605.1.15 (KHTML, like Gecko) Version/17.0 Safari/605.1.15"
119.0.0.0,16/Nov/2023:20:07:18 +0100,/~djovanoska/user.html,"Mozilla/5.0 (Macintosh; Intel Mac OS X 10_15_7) AppleWebKit/605.1.15 (KHTML, like Gecko) Version/17.0 Safari/605.1.15"
10.82.191.157,16/Nov/2023:20:07:18 +0100,/~djovanoska/images/SU.png,"Mozilla/5.0 (Macintosh; Intel Mac OS X 10_15_7) AppleWebKit/605.1.15 (KHTML, like Gecko) Version/17.0 Safari/605.1.15"
119.0.0.0,16/Nov/2023:20:08:07 +0100,/~djovanoska/index.html,"Mozilla/5.0 (Macintosh; Intel Mac OS X 10_15_7) AppleWebKit/605.1.15 (KHTML, like Gecko) Version/17.0 Safari/605.1.15"
10.82.191.157,16/Nov/2023:20:08:07 +0100,/~djovanoska/images/WWW.png,"Mozilla/5.0 (Macintosh; Intel Mac OS X 10_15_7) AppleWebKit/605.1.15 (KHTML, like Gecko) Version/17.0 Safari/605.1.15"
119.0.0.0,16/Nov/2023:20:08:07 +0100,/~djovanoska/images/Logo1.png,"Mozilla/5.0 (Macintosh; Intel Mac OS X 10_15_7) AppleWebKit/605.1.15 (KHTML, like Gecko) Version/17.0 Safari/605.1.15"
10.82.191.157,16/Nov/2023:20:08:07 +0100,/~djovanoska/images/START_TODAY!.png,"Mozilla/5.0 (Macintosh; Intel Mac OS X 10_15_7) AppleWebKit/605.1.15 (KHTML, like Gecko) Version/17.0 Safari/605.1.15"
119.0.0.0,16/Nov/2023:20:08:07 +0100,/~djovanoska/images/BG1.png,"Mozilla/5.0 (Macintosh; Intel Mac OS X 10_15_7) AppleWebKit/605.1.15 (KHTML, like Gecko) Version/17.0 Safari/605.1.15"
10.82.191.157,16/Nov/2023:20:13:51 +0100,/~djovanoska/signin.html,"Mozilla/5.0 (Windows NT 10.0; Win64; x64) AppleWebKit/537.36 (KHTML, like Gecko) Chrome/119.0.0.0 Safari/537.36"
119.0.0.0,16/Nov/2023:20:13:51 +0100,/~djovanoska/styles.css,"Mozilla/5.0 (Windows NT 10.0; Win64; x64) AppleWebKit/537.36 (KHTML, like Gecko) Chrome/119.0.0.0 Safari/537.36"
10.82.191.157,16/Nov/2023:20:13:55 +0100,/~djovanoska/user.html,"Mozilla/5.0 (Windows NT 10.0; Win64; x64) AppleWebKit/537.36 (KHTML, like Gecko) Chrome/119.0.0.0 Safari/537.36"
119.0.0.0,16/Nov/2023:20:14:19 +0100,,"Mozilla/5.0 (Windows NT 10.0; Win64; x64) AppleWebKit/537.36 (KHTML, like Gecko) Chrome/119.0.0.0 Safari/537.36"
10.82.191.157,16/Nov/2023:20:17:45 +0100,/~djovanoska/signin.html,"Mozilla/5.0 (Windows NT 10.0; Win64; x64) AppleWebKit/537.36 (KHTML, like Gecko) Chrome/119.0.0.0 Safari/537.36"
119.0.0.0,16/Nov/2023:20:17:53 +0100,,"Mozilla/5.0 (Windows NT 10.0; Win64; x64) AppleWebKit/537.36 (KHTML, like Gecko) Chrome/119.0.0.0 Safari/537.36"
10.82.191.157,16/Nov/2023:20:23:40 +0100,/~djovanoska/user2.html,"Mozilla/5.0 (Windows NT 10.0; Win64; x64) AppleWebKit/537.36 (KHTML, like Gecko) Chrome/119.0.0.0 Safari/537.36"
119.0.0.0,16/Nov/2023:20:27:11 +0100,/~djovanoska/user2.html,"Mozilla/5.0 (Windows NT 10.0; Win64; x64) AppleWebKit/537.36 (KHTML, like Gecko) Chrome/119.0.0.0 Safari/537.36"
10.82.191.157,16/Nov/2023:20:32:18 +0100,/~djovanoska/user2.html,"Mozilla/5.0 (Windows NT 10.0; Win64; x64) AppleWebKit/537.36 (KHTML, like Gecko) Chrome/119.0.0.0 Safari/537.36"
119.0.0.0,16/Nov/2023:20:41:32 +0100,/~djovanoska/,"Mozilla/5.0 (Windows NT 10.0; Win64; x64) AppleWebKit/537.36 (KHTML, like Gecko) Chrome/119.0.0.0 Safari/537.36"
10.82.191.157,16/Nov/2023:20:41:40 +0100,/~djovanoska/user2.html,"Mozilla/5.0 (Windows NT 10.0; Win64; x64) AppleWebKit/537.36 (KHTML, like Gecko) Chrome/119.0.0.0 Safari/537.36"
119.0.0.0,16/Nov/2023:20:43:28 +0100,/~djovanoska/signin.html,"Mozilla/5.0 (Windows NT 10.0; Win64; x64) AppleWebKit/537.36 (KHTML, like Gecko) Chrome/119.0.0.0 Safari/537.36"
10.82.191.157,16/Nov/2023:20:43:29 +0100,/~djovanoska/user.html,"Mozilla/5.0 (Windows NT 10.0; Win64; x64) AppleWebKit/537.36 (KHTML, like Gecko) Chrome/119.0.0.0 Safari/537.36"
119.0.0.0,16/Nov/2023:20:44:07 +0100,,"Mozilla/5.0 (Windows NT 10.0; Win64; x64) AppleWebKit/537.36 (KHTML, like Gecko) Chrome/119.0.0.0 Safari/537.36"
10.82.191.157,16/Nov/2023:20:44:07 +0100,/~djovanoska/signin.php,"Mozilla/5.0 (Windows NT 10.0; Win64; x64) AppleWebKit/537.36 (KHTML, like Gecko) Chrome/119.0.0.0 Safari/537.36"
119.0.0.0,16/Nov/2023:20:44:40 +0100,,"Mozilla/5.0 (Windows NT 10.0; Win64; x64) AppleWebKit/537.36 (KHTML, like Gecko) Chrome/119.0.0.0 Safari/537.36"
10.82.191.157,16/Nov/2023:20:44:40 +0100,/~djovanoska/signin.html,"Mozilla/5.0 (Windows NT 10.0; Win64; x64) AppleWebKit/537.36 (KHTML, like Gecko) Chrome/119.0.0.0 Safari/537.36"
119.0.0.0,16/Nov/2023:20:44:56 +0100,,"Mozilla/5.0 (Windows NT 10.0; Win64; x64) AppleWebKit/537.36 (KHTML, like Gecko) Chrome/119.0.0.0 Safari/537.36"
10.82.191.157,16/Nov/2023:20:45:12 +0100,,"Mozilla/5.0 (Windows NT 10.0; Win64; x64) AppleWebKit/537.36 (KHTML, like Gecko) Chrome/119.0.0.0 Safari/537.36"
119.0.0.0,16/Nov/2023:20:45:58 +0100,,"Mozilla/5.0 (Windows NT 10.0; Win64; x64) AppleWebKit/537.36 (KHTML, like Gecko) Chrome/119.0.0.0 Safari/537.36"
10.82.191.157,16/Nov/2023:20:45:58 +0100,/~djovanoska/user2.html,"Mozilla/5.0 (Windows NT 10.0; Win64; x64) AppleWebKit/537.36 (KHTML, like Gecko) Chrome/119.0.0.0 Safari/537.36"
119.0.0.0,16/Nov/2023:20:46:11 +0100,/~djovanoska/index.html,"Mozilla/5.0 (Windows NT 10.0; Win64; x64) AppleWebKit/537.36 (KHTML, like Gecko) Chrome/119.0.0.0 Safari/537.36"
10.82.191.157,16/Nov/2023:20:46:37 +0100,,"Mozilla/5.0 (Windows NT 10.0; Win64; x64) AppleWebKit/537.36 (KHTML, like Gecko) Chrome/119.0.0.0 Safari/537.36"
119.0.0.0,16/Nov/2023:20:58:19 +0100,/~djovanoska/index.html,"Mozilla/5.0 (Windows NT 10.0; Win64; x64) AppleWebKit/537.36 (KHTML, like Gecko) Chrome/119.0.0.0 Safari/537.36"
10.82.191.157,16/Nov/2023:20:58:22 +0100,/~djovanoska/user.html,"Mozilla/5.0 (Windows NT 10.0; Win64; x64) AppleWebKit/537.36 (KHTML, like Gecko) Chrome/119.0.0.0 Safari/537.36"
119.0.0.0,16/Nov/2023:20:58:35 +0100,/~djovanoska/signin.html,"Mozilla/5.0 (Windows NT 10.0; Win64; x64) AppleWebKit/537.36 (KHTML, like Gecko) Chrome/119.0.0.0 Safari/537.36"
10.82.191.157,16/Nov/2023:20:58:44 +0100,,"Mozilla/5.0 (Windows NT 10.0; Win64; x64) AppleWebKit/537.36 (KHTML, like Gecko) Chrome/119.0.0.0 Safari/537.36"
119.0.0.0,16/Nov/2023:20:58:55 +0100,,"Mozilla/5.0 (Windows NT 10.0; Win64; x64) AppleWebKit/537.36 (KHTML, like Gecko) Chrome/119.0.0.0 Safari/537.36"
10.82.191.157,16/Nov/2023:20:58:55 +0100,/~djovanoska/user2.html,"Mozilla/5.0 (Windows NT 10.0; Win64; x64) AppleWebKit/537.36 (KHTML, like Gecko) Chrome/119.0.0.0 Safari/537.36"
119.0.0.0,16/Nov/2023:21:06:33 +0100,/~djovanoska/user2.html,"Mozilla/5.0 (Windows NT 10.0; Win64; x64) AppleWebKit/537.36 (KHTML, like Gecko) Chrome/119.0.0.0 Safari/537.36"
10.82.191.157,16/Nov/2023:21:06:58 +0100,/~djovanoska/index.html,"Mozilla/5.0 (Windows NT 10.0; Win64; x64) AppleWebKit/537.36 (KHTML, like Gecko) Chrome/119.0.0.0 Safari/537.36"
119.0.0.0,16/Nov/2023:21:16:00 +0100,/~djovanoska/signin.html,"Mozilla/5.0 (Windows NT 10.0; Win64; x64) AppleWebKit/537.36 (KHTML, like Gecko) Chrome/119.0.0.0 Safari/537.36"
10.82.191.157,16/Nov/2023:21:16:00 +0100,/~djovanoska/styles.css,"Mozilla/5.0 (Windows NT 10.0; Win64; x64) AppleWebKit/537.36 (KHTML, like Gecko) Chrome/119.0.0.0 Safari/537.36"
119.0.0.0,16/Nov/2023:21:17:35 +0100,/~djovanoska/user.html,"Mozilla/5.0 (Windows NT 10.0; Win64; x64) AppleWebKit/537.36 (KHTML, like Gecko) Chrome/119.0.0.0 Safari/537.36"
10.82.191.157,16/Nov/2023:21:17:40 +0100,/~djovanoska/user.html,"Mozilla/5.0 (Windows NT 10.0; Win64; x64) AppleWebKit/537.36 (KHTML, like Gecko) Chrome/119.0.0.0 Safari/537.36"
119.0.0.0,16/Nov/2023:21:34:32 +0100,/~djovanoska/index.html,"Mozilla/5.0 (Windows NT 10.0; Win64; x64) AppleWebKit/537.36 (KHTML, like Gecko) Chrome/119.0.0.0 Safari/537.36"
10.82.191.157,16/Nov/2023:21:34:33 +0100,/~djovanoska/styles.css,"Mozilla/5.0 (Windows NT 10.0; Win64; x64) AppleWebKit/537.36 (KHTML, like Gecko) Chrome/119.0.0.0 Safari/537.36"
119.0.0.0,16/Nov/2023:21:34:36 +0100,/~djovanoska/user.html,"Mozilla/5.0 (Windows NT 10.0; Win64; x64) AppleWebKit/537.36 (KHTML, like Gecko) Chrome/119.0.0.0 Safari/537.36"
10.82.191.157,16/Nov/2023:21:35:35 +0100,/~djovanoska/user.html,"Mozilla/5.0 (Windows NT 10.0; Win64; x64) AppleWebKit/537.36 (KHTML, like Gecko) Chrome/119.0.0.0 Safari/537.36"
119.0.0.0,16/Nov/2023:21:35:35 +0100,/~djovanoska/styles.css,"Mozilla/5.0 (Windows NT 10.0; Win64; x64) AppleWebKit/537.36 (KHTML, like Gecko) Chrome/119.0.0.0 Safari/537.36"
10.82.191.157,16/Nov/2023:21:36:48 +0100,/~djovanoska/user.html,"Mozilla/5.0 (Windows NT 10.0; Win64; x64) AppleWebKit/537.36 (KHTML, like Gecko) Chrome/119.0.0.0 Safari/537.36"
119.0.0.0,16/Nov/2023:21:36:48 +0100,/~djovanoska/styles.css,"Mozilla/5.0 (Windows NT 10.0; Win64; x64) AppleWebKit/537.36 (KHTML, like Gecko) Chrome/119.0.0.0 Safari/537.36"
10.82.191.157,16/Nov/2023:21:36:55 +0100,/~djovanoska/user.html,"Mozilla/5.0 (Windows NT 10.0; Win64; x64) AppleWebKit/537.36 (KHTML, like Gecko) Chrome/119.0.0.0 Safari/537.36"
119.0.0.0,16/Nov/2023:21:36:55 +0100,/~djovanoska/styles.css,"Mozilla/5.0 (Windows NT 10.0; Win64; x64) AppleWebKit/537.36 (KHTML, like Gecko) Chrome/119.0.0.0 Safari/537.36"
10.82.191.157,16/Nov/2023:21:37:04 +0100,/~djovanoska/user.html,"Mozilla/5.0 (Windows NT 10.0; Win64; x64) AppleWebKit/537.36 (KHTML, like Gecko) Chrome/119.0.0.0 Safari/537.36"
119.0.0.0,16/Nov/2023:21:37:04 +0100,/~djovanoska/styles.css,"Mozilla/5.0 (Windows NT 10.0; Win64; x64) AppleWebKit/537.36 (KHTML, like Gecko) Chrome/119.0.0.0 Safari/537.36"
10.82.191.157,16/Nov/2023:21:37:14 +0100,/~djovanoska/user.html,"Mozilla/5.0 (Windows NT 10.0; Win64; x64) AppleWebKit/537.36 (KHTML, like Gecko) Chrome/119.0.0.0 Safari/537.36"
119.0.0.0,16/Nov/2023:21:37:14 +0100,/~djovanoska/styles.css,"Mozilla/5.0 (Windows NT 10.0; Win64; x64) AppleWebKit/537.36 (KHTML, like Gecko) Chrome/119.0.0.0 Safari/537.36"
10.82.191.157,16/Nov/2023:21:37:58 +0100,/~djovanoska/user.html,"Mozilla/5.0 (Windows NT 10.0; Win64; x64) AppleWebKit/537.36 (KHTML, like Gecko) Chrome/119.0.0.0 Safari/537.36"
119.0.0.0,16/Nov/2023:21:37:58 +0100,/~djovanoska/styles.css,"Mozilla/5.0 (Windows NT 10.0; Win64; x64) AppleWebKit/537.36 (KHTML, like Gecko) Chrome/119.0.0.0 Safari/537.36"
10.82.191.157,16/Nov/2023:21:38:33 +0100,/~djovanoska/user.html,"Mozilla/5.0 (Windows NT 10.0; Win64; x64) AppleWebKit/537.36 (KHTML, like Gecko) Chrome/119.0.0.0 Safari/537.36"
119.0.0.0,16/Nov/2023:21:38:33 +0100,/~djovanoska/styles.css,"Mozilla/5.0 (Windows NT 10.0; Win64; x64) AppleWebKit/537.36 (KHTML, like Gecko) Chrome/119.0.0.0 Safari/537.36"
10.82.191.157,16/Nov/2023:21:38:52 +0100,/~djovanoska/user.html,"Mozilla/5.0 (Windows NT 10.0; Win64; x64) AppleWebKit/537.36 (KHTML, like Gecko) Chrome/119.0.0.0 Safari/537.36"
119.0.0.0,16/Nov/2023:21:38:53 +0100,/~djovanoska/styles.css,"Mozilla/5.0 (Windows NT 10.0; Win64; x64) AppleWebKit/537.36 (KHTML, like Gecko) Chrome/119.0.0.0 Safari/537.36"
10.82.191.157,16/Nov/2023:21:39:23 +0100,/~djovanoska/user.html,"Mozilla/5.0 (Windows NT 10.0; Win64; x64) AppleWebKit/537.36 (KHTML, like Gecko) Chrome/119.0.0.0 Safari/537.36"
119.0.0.0,16/Nov/2023:21:39:23 +0100,/~djovanoska/styles.css,"Mozilla/5.0 (Windows NT 10.0; Win64; x64) AppleWebKit/537.36 (KHTML, like Gecko) Chrome/119.0.0.0 Safari/537.36"
10.82.191.157,16/Nov/2023:21:39:31 +0100,/~djovanoska/user.html,"Mozilla/5.0 (Windows NT 10.0; Win64; x64) AppleWebKit/537.36 (KHTML, like Gecko) Chrome/119.0.0.0 Safari/537.36"
119.0.0.0,16/Nov/2023:21:39:31 +0100,/~djovanoska/styles.css,"Mozilla/5.0 (Windows NT 10.0; Win64; x64) AppleWebKit/537.36 (KHTML, like Gecko) Chrome/119.0.0.0 Safari/537.36"
10.82.191.157,16/Nov/2023:21:39:39 +0100,/~djovanoska/user.html,"Mozilla/5.0 (Windows NT 10.0; Win64; x64) AppleWebKit/537.36 (KHTML, like Gecko) Chrome/119.0.0.0 Safari/537.36"
119.0.0.0,16/Nov/2023:21:39:40 +0100,/~djovanoska/styles.css,"Mozilla/5.0 (Windows NT 10.0; Win64; x64) AppleWebKit/537.36 (KHTML, like Gecko) Chrome/119.0.0.0 Safari/537.36"
10.82.191.157,16/Nov/2023:21:39:49 +0100,/~djovanoska/user.html,"Mozilla/5.0 (Windows NT 10.0; Win64; x64) AppleWebKit/537.36 (KHTML, like Gecko) Chrome/119.0.0.0 Safari/537.36"
119.0.0.0,16/Nov/2023:21:39:49 +0100,/~djovanoska/styles.css,"Mozilla/5.0 (Windows NT 10.0; Win64; x64) AppleWebKit/537.36 (KHTML, like Gecko) Chrome/119.0.0.0 Safari/537.36"
10.82.191.157,16/Nov/2023:21:39:56 +0100,/~djovanoska/user.html,"Mozilla/5.0 (Windows NT 10.0; Win64; x64) AppleWebKit/537.36 (KHTML, like Gecko) Chrome/119.0.0.0 Safari/537.36"
119.0.0.0,16/Nov/2023:21:39:56 +0100,/~djovanoska/styles.css,"Mozilla/5.0 (Windows NT 10.0; Win64; x64) AppleWebKit/537.36 (KHTML, like Gecko) Chrome/119.0.0.0 Safari/537.36"
10.82.191.157,16/Nov/2023:21:40:04 +0100,/~djovanoska/user.html,"Mozilla/5.0 (Windows NT 10.0; Win64; x64) AppleWebKit/537.36 (KHTML, like Gecko) Chrome/119.0.0.0 Safari/537.36"
119.0.0.0,16/Nov/2023:21:40:04 +0100,/~djovanoska/styles.css,"Mozilla/5.0 (Windows NT 10.0; Win64; x64) AppleWebKit/537.36 (KHTML, like Gecko) Chrome/119.0.0.0 Safari/537.36"
10.82.191.157,16/Nov/2023:21:40:11 +0100,/~djovanoska/user.html,"Mozilla/5.0 (Windows NT 10.0; Win64; x64) AppleWebKit/537.36 (KHTML, like Gecko) Chrome/119.0.0.0 Safari/537.36"
119.0.0.0,16/Nov/2023:21:40:11 +0100,/~djovanoska/styles.css,"Mozilla/5.0 (Windows NT 10.0; Win64; x64) AppleWebKit/537.36 (KHTML, like Gecko) Chrome/119.0.0.0 Safari/537.36"
10.82.191.157,16/Nov/2023:21:40:22 +0100,/~djovanoska/user.html,"Mozilla/5.0 (Windows NT 10.0; Win64; x64) AppleWebKit/537.36 (KHTML, like Gecko) Chrome/119.0.0.0 Safari/537.36"
119.0.0.0,16/Nov/2023:21:40:23 +0100,/~djovanoska/styles.css,"Mozilla/5.0 (Windows NT 10.0; Win64; x64) AppleWebKit/537.36 (KHTML, like Gecko) Chrome/119.0.0.0 Safari/537.36"
10.82.191.157,16/Nov/2023:21:40:29 +0100,/~djovanoska/user.html,"Mozilla/5.0 (Windows NT 10.0; Win64; x64) AppleWebKit/537.36 (KHTML, like Gecko) Chrome/119.0.0.0 Safari/537.36"
119.0.0.0,16/Nov/2023:21:40:29 +0100,/~djovanoska/styles.css,"Mozilla/5.0 (Windows NT 10.0; Win64; x64) AppleWebKit/537.36 (KHTML, like Gecko) Chrome/119.0.0.0 Safari/537.36"
10.82.191.157,16/Nov/2023:21:40:40 +0100,/~djovanoska/user.html,"Mozilla/5.0 (Windows NT 10.0; Win64; x64) AppleWebKit/537.36 (KHTML, like Gecko) Chrome/119.0.0.0 Safari/537.36"
119.0.0.0,16/Nov/2023:21:40:40 +0100,/~djovanoska/styles.css,"Mozilla/5.0 (Windows NT 10.0; Win64; x64) AppleWebKit/537.36 (KHTML, like Gecko) Chrome/119.0.0.0 Safari/537.36"
10.82.191.157,16/Nov/2023:21:40:46 +0100,/~djovanoska/user.html,"Mozilla/5.0 (Windows NT 10.0; Win64; x64) AppleWebKit/537.36 (KHTML, like Gecko) Chrome/119.0.0.0 Safari/537.36"
119.0.0.0,16/Nov/2023:21:40:46 +0100,/~djovanoska/styles.css,"Mozilla/5.0 (Windows NT 10.0; Win64; x64) AppleWebKit/537.36 (KHTML, like Gecko) Chrome/119.0.0.0 Safari/537.36"
10.82.191.157,16/Nov/2023:21:40:53 +0100,/~djovanoska/user.html,"Mozilla/5.0 (Windows NT 10.0; Win64; x64) AppleWebKit/537.36 (KHTML, like Gecko) Chrome/119.0.0.0 Safari/537.36"
119.0.0.0,16/Nov/2023:21:40:53 +0100,/~djovanoska/styles.css,"Mozilla/5.0 (Windows NT 10.0; Win64; x64) AppleWebKit/537.36 (KHTML, like Gecko) Chrome/119.0.0.0 Safari/537.36"
10.82.191.157,16/Nov/2023:21:42:50 +0100,/~djovanoska/user.html,"Mozilla/5.0 (Windows NT 10.0; Win64; x64) AppleWebKit/537.36 (KHTML, like Gecko) Chrome/119.0.0.0 Safari/537.36"
119.0.0.0,16/Nov/2023:21:42:50 +0100,/~djovanoska/styles.css,"Mozilla/5.0 (Windows NT 10.0; Win64; x64) AppleWebKit/537.36 (KHTML, like Gecko) Chrome/119.0.0.0 Safari/537.36"
10.82.191.157,16/Nov/2023:21:43:46 +0100,,"Mozilla/5.0 (Windows NT 10.0; Win64; x64) AppleWebKit/537.36 (KHTML, like Gecko) Chrome/119.0.0.0 Safari/537.36"
119.0.0.0,16/Nov/2023:21:43:46 +0100,/~djovanoska/signin.html,"Mozilla/5.0 (Windows NT 10.0; Win64; x64) AppleWebKit/537.36 (KHTML, like Gecko) Chrome/119.0.0.0 Safari/537.36"
10.82.191.157,16/Nov/2023:21:43:47 +0100,/~djovanoska/styles.css,"Mozilla/5.0 (Windows NT 10.0; Win64; x64) AppleWebKit/537.36 (KHTML, like Gecko) Chrome/119.0.0.0 Safari/537.36"
119.0.0.0,16/Nov/2023:21:44:08 +0100,,"Mozilla/5.0 (Windows NT 10.0; Win64; x64) AppleWebKit/537.36 (KHTML, like Gecko) Chrome/119.0.0.0 Safari/537.36"
10.82.191.157,16/Nov/2023:21:44:08 +0100,/~djovanoska/user2.html,"Mozilla/5.0 (Windows NT 10.0; Win64; x64) AppleWebKit/537.36 (KHTML, like Gecko) Chrome/119.0.0.0 Safari/537.36"
119.0.0.0,16/Nov/2023:21:44:08 +0100,/~djovanoska/styles.css,"Mozilla/5.0 (Windows NT 10.0; Win64; x64) AppleWebKit/537.36 (KHTML, like Gecko) Chrome/119.0.0.0 Safari/537.36"
10.82.191.157,16/Nov/2023:21:44:09 +0100,/~djovanoska/images/SU2.png,"Mozilla/5.0 (Windows NT 10.0; Win64; x64) AppleWebKit/537.36 (KHTML, like Gecko) Chrome/119.0.0.0 Safari/537.36"
119.0.0.0,16/Nov/2023:21:45:26 +0100,/~djovanoska/index.html,"Mozilla/5.0 (Windows NT 10.0; Win64; x64) AppleWebKit/537.36 (KHTML, like Gecko) Chrome/119.0.0.0 Safari/537.36"
10.82.191.157,16/Nov/2023:21:45:27 +0100,/~djovanoska/styles.css,"Mozilla/5.0 (Windows NT 10.0; Win64; x64) AppleWebKit/537.36 (KHTML, like Gecko) Chrome/119.0.0.0 Safari/537.36"
119.0.0.0,16/Nov/2023:21:45:29 +0100,/~djovanoska/user.html,"Mozilla/5.0 (Windows NT 10.0; Win64; x64) AppleWebKit/537.36 (KHTML, like Gecko) Chrome/119.0.0.0 Safari/537.36"
10.82.191.157,16/Nov/2023:21:45:46 +0100,,"Mozilla/5.0 (Windows NT 10.0; Win64; x64) AppleWebKit/537.36 (KHTML, like Gecko) Chrome/119.0.0.0 Safari/537.36"
119.0.0.0,16/Nov/2023:21:45:46 +0100,/~djovanoska/user2.html,"Mozilla/5.0 (Windows NT 10.0; Win64; x64) AppleWebKit/537.36 (KHTML, like Gecko) Chrome/119.0.0.0 Safari/537.36"
10.82.203.32,16/Nov/2023:21:47:59 +0100,/~djovanoska/styles.css,"Mozilla/5.0 (Windows NT 10.0; Win64; x64) AppleWebKit/537.36 (KHTML, like Gecko) Chrome/119.0.0.0 Safari/537.36"
10.82.203.32,16/Nov/2023:21:48:03 +0100,/~djovanoska/imprint.html,"Mozilla/5.0 (Windows NT 10.0; Win64; x64) AppleWebKit/537.36 (KHTML, like Gecko) Chrome/119.0.0.0 Safari/537.36"
10.82.203.32,16/Nov/2023:21:48:03 +0100,/~djovanoska/images/imprint.png,"Mozilla/5.0 (Windows NT 10.0; Win64; x64) AppleWebKit/537.36 (KHTML, like Gecko) Chrome/119.0.0.0 Safari/537.36"
10.82.203.32,16/Nov/2023:21:49:39 +0100,/~djovanoska/index.html,"Mozilla/5.0 (Windows NT 10.0; Win64; x64) AppleWebKit/537.36 (KHTML, like Gecko) Chrome/119.0.0.0 Safari/537.36"
10.82.203.32,16/Nov/2023:21:49:39 +0100,/~djovanoska/styles.css,"Mozilla/5.0 (Windows NT 10.0; Win64; x64) AppleWebKit/537.36 (KHTML, like Gecko) Chrome/119.0.0.0 Safari/537.36"
10.82.203.32,16/Nov/2023:21:49:41 +0100,/~djovanoska/user.html,"Mozilla/5.0 (Windows NT 10.0; Win64; x64) AppleWebKit/537.36 (KHTML, like Gecko) Chrome/119.0.0.0 Safari/537.36"
10.82.203.32,16/Nov/2023:21:49:41 +0100,/~djovanoska/styles.css,"Mozilla/5.0 (Windows NT 10.0; Win64; x64) AppleWebKit/537.36 (KHTML, like Gecko) Chrome/119.0.0.0 Safari/537.36"
10.82.203.32,16/Nov/2023:21:50:14 +0100,/~djovanoska/contact.html,"Mozilla/5.0 (Windows NT 10.0; Win64; x64) AppleWebKit/537.36 (KHTML, like Gecko) Chrome/119.0.0.0 Safari/537.36"
10.82.203.32,16/Nov/2023:21:50:20 +0100,/~djovanoska/styles.css,"Mozilla/5.0 (Windows NT 10.0; Win64; x64) AppleWebKit/537.36 (KHTML, like Gecko) Chrome/119.0.0.0 Safari/537.36"
10.82.203.32,16/Nov/2023:21:50:27 +0100,,"Mozilla/5.0 (Windows NT 10.0; Win64; x64) AppleWebKit/537.36 (KHTML, like Gecko) Chrome/119.0.0.0 Safari/537.36"
10.82.203.32,16/Nov/2023:21:50:27 +0100,/~djovanoska/user2.html,"Mozilla/5.0 (Windows NT 10.0; Win64; x64) AppleWebKit/537.36 (KHTML, like Gecko) Chrome/119.0.0.0 Safari/537.36"
10.82.203.32,16/Nov/2023:21:50:28 +0100,/~djovanoska/styles.css,"Mozilla/5.0 (Windows NT 10.0; Win64; x64) AppleWebKit/537.36 (KHTML, like Gecko) Chrome/119.0.0.0 Safari/537.36"
10.82.203.32,16/Nov/2023:21:51:05 +0100,/~djovanoska/user2.html,"Mozilla/5.0 (Windows NT 10.0; Win64; x64) AppleWebKit/537.36 (KHTML, like Gecko) Chrome/119.0.0.0 Safari/537.36"
10.82.203.32,16/Nov/2023:21:51:06 +0100,/~djovanoska/styles.css,"Mozilla/5.0 (Windows NT 10.0; Win64; x64) AppleWebKit/537.36 (KHTML, like Gecko) Chrome/119.0.0.0 Safari/537.36"
10.82.203.32,16/Nov/2023:21:51:14 +0100,/~djovanoska/user2.html,"Mozilla/5.0 (Windows NT 10.0; Win64; x64) AppleWebKit/537.36 (KHTML, like Gecko) Chrome/119.0.0.0 Safari/537.36"
10.82.203.32,16/Nov/2023:21:51:14 +0100,/~djovanoska/styles.css,"Mozilla/5.0 (Windows NT 10.0; Win64; x64) AppleWebKit/537.36 (KHTML, like Gecko) Chrome/119.0.0.0 Safari/537.36"
10.82.203.32,16/Nov/2023:21:55:09 +0100,/~djovanoska/index.html,"Mozilla/5.0 (Windows NT 10.0; Win64; x64) AppleWebKit/537.36 (KHTML, like Gecko) Chrome/119.0.0.0 Safari/537.36"
10.82.203.32,16/Nov/2023:21:55:09 +0100,/~djovanoska/styles.css,"Mozilla/5.0 (Windows NT 10.0; Win64; x64) AppleWebKit/537.36 (KHTML, like Gecko) Chrome/119.0.0.0 Safari/537.36"
10.82.191.157,16/Nov/2023:21:55:11 +0100,/~djovanoska/user.html,"Mozilla/5.0 (Windows NT 10.0; Win64; x64) AppleWebKit/537.36 (KHTML, like Gecko) Chrome/119.0.0.0 Safari/537.36"
119.0.0.0,16/Nov/2023:21:55:12 +0100,/~djovanoska/termcond.html,"Mozilla/5.0 (Windows NT 10.0; Win64; x64) AppleWebKit/537.36 (KHTML, like Gecko) Chrome/119.0.0.0 Safari/537.36"
10.82.191.157,16/Nov/2023:21:56:35 +0100,/~djovanoska/user.html,"Mozilla/5.0 (Windows NT 10.0; Win64; x64) AppleWebKit/537.36 (KHTML, like Gecko) Chrome/119.0.0.0 Safari/537.36"
119.0.0.0,16/Nov/2023:21:56:35 +0100,/~djovanoska/styles.css,"Mozilla/5.0 (Windows NT 10.0; Win64; x64) AppleWebKit/537.36 (KHTML, like Gecko) Chrome/119.0.0.0 Safari/537.36"
10.82.191.157,16/Nov/2023:21:56:36 +0100,/~djovanoska/termcond.html,"Mozilla/5.0 (Windows NT 10.0; Win64; x64) AppleWebKit/537.36 (KHTML, like Gecko) Chrome/119.0.0.0 Safari/537.36"
119.0.0.0,16/Nov/2023:21:56:41 +0100,/~djovanoska/policy.html,"Mozilla/5.0 (Windows NT 10.0; Win64; x64) AppleWebKit/537.36 (KHTML, like Gecko) Chrome/119.0.0.0 Safari/537.36"
10.82.191.157,16/Nov/2023:21:57:31 +0100,/~djovanoska/termcond.html,"Mozilla/5.0 (Windows NT 10.0; Win64; x64) AppleWebKit/537.36 (KHTML, like Gecko) Chrome/119.0.0.0 Safari/537.36"
119.0.0.0,16/Nov/2023:21:57:31 +0100,/~djovanoska/styles.css,"Mozilla/5.0 (Windows NT 10.0; Win64; x64) AppleWebKit/537.36 (KHTML, like Gecko) Chrome/119.0.0.0 Safari/537.36"
10.82.191.157,16/Nov/2023:21:57:33 +0100,/~djovanoska/policy.html,"Mozilla/5.0 (Windows NT 10.0; Win64; x64) AppleWebKit/537.36 (KHTML, like Gecko) Chrome/119.0.0.0 Safari/537.36"
119.0.0.0,16/Nov/2023:21:57:41 +0100,/~djovanoska/signin.html,"Mozilla/5.0 (Windows NT 10.0; Win64; x64) AppleWebKit/537.36 (KHTML, like Gecko) Chrome/119.0.0.0 Safari/537.36"
10.82.191.157,16/Nov/2023:21:57:48 +0100,,"Mozilla/5.0 (Windows NT 10.0; Win64; x64) AppleWebKit/537.36 (KHTML, like Gecko) Chrome/119.0.0.0 Safari/537.36"
119.0.0.0,16/Nov/2023:21:57:48 +0100,/~djovanoska/user2.html,"Mozilla/5.0 (Windows NT 10.0; Win64; x64) AppleWebKit/537.36 (KHTML, like Gecko) Chrome/119.0.0.0 Safari/537.36"
10.82.191.157,16/Nov/2023:21:57:49 +0100,/~djovanoska/images/SU2.png,"Mozilla/5.0 (Windows NT 10.0; Win64; x64) AppleWebKit/537.36 (KHTML, like Gecko) Chrome/119.0.0.0 Safari/537.36"
119.0.0.0,16/Nov/2023:22:06:40 +0100,/~djovanoska/user2.html,"Mozilla/5.0 (Windows NT 10.0; Win64; x64) AppleWebKit/537.36 (KHTML, like Gecko) Chrome/119.0.0.0 Safari/537.36"
10.82.191.157,16/Nov/2023:22:06:40 +0100,/~djovanoska/styles.css,"Mozilla/5.0 (Windows NT 10.0; Win64; x64) AppleWebKit/537.36 (KHTML, like Gecko) Chrome/119.0.0.0 Safari/537.36"
119.0.0.0,16/Nov/2023:22:06:40 +0100,/~djovanoska/images/SU2.png,"Mozilla/5.0 (Windows NT 10.0; Win64; x64) AppleWebKit/537.36 (KHTML, like Gecko) Chrome/119.0.0.0 Safari/537.36"
10.82.191.157,16/Nov/2023:22:07:06 +0100,/~djovanoska/user2.html,"Mozilla/5.0 (Windows NT 10.0; Win64; x64) AppleWebKit/537.36 (KHTML, like Gecko) Chrome/119.0.0.0 Safari/537.36"
119.0.0.0,16/Nov/2023:22:10:47 +0100,/~djovanoska/user2.html,"Mozilla/5.0 (Windows NT 10.0; Win64; x64) AppleWebKit/537.36 (KHTML, like Gecko) Chrome/119.0.0.0 Safari/537.36"
10.82.191.157,16/Nov/2023:22:10:47 +0100,/~djovanoska/styles.css,"Mozilla/5.0 (Windows NT 10.0; Win64; x64) AppleWebKit/537.36 (KHTML, like Gecko) Chrome/119.0.0.0 Safari/537.36"
119.0.0.0,16/Nov/2023:22:10:50 +0100,,"Mozilla/5.0 (Windows NT 10.0; Win64; x64) AppleWebKit/537.36 (KHTML, like Gecko) Chrome/119.0.0.0 Safari/537.36"
10.82.191.157,16/Nov/2023:22:11:20 +0100,/~djovanoska/user2.html,"Mozilla/5.0 (Windows NT 10.0; Win64; x64) AppleWebKit/537.36 (KHTML, like Gecko) Chrome/119.0.0.0 Safari/537.36"
119.0.0.0,16/Nov/2023:22:11:21 +0100,,"Mozilla/5.0 (Windows NT 10.0; Win64; x64) AppleWebKit/537.36 (KHTML, like Gecko) Chrome/119.0.0.0 Safari/537.36"
10.82.191.157,16/Nov/2023:22:12:13 +0100,/~djovanoska/user2.html,"Mozilla/5.0 (Windows NT 10.0; Win64; x64) AppleWebKit/537.36 (KHTML, like Gecko) Chrome/119.0.0.0 Safari/537.36"
119.0.0.0,16/Nov/2023:22:21:15 +0100,/~djovanoska/user2.html,"Mozilla/5.0 (Windows NT 10.0; Win64; x64) AppleWebKit/537.36 (KHTML, like Gecko) Chrome/119.0.0.0 Safari/537.36"
10.82.191.157,16/Nov/2023:22:21:16 +0100,/~djovanoska/styles.css,"Mozilla/5.0 (Windows NT 10.0; Win64; x64) AppleWebKit/537.36 (KHTML, like Gecko) Chrome/119.0.0.0 Safari/537.36"
119.0.0.0,16/Nov/2023:22:21:16 +0100,/~djovanoska/images/SU2.png,"Mozilla/5.0 (Windows NT 10.0; Win64; x64) AppleWebKit/537.36 (KHTML, like Gecko) Chrome/119.0.0.0 Safari/537.36"
10.82.191.157,16/Nov/2023:22:21:26 +0100,,"Mozilla/5.0 (Windows NT 10.0; Win64; x64) AppleWebKit/537.36 (KHTML, like Gecko) Chrome/119.0.0.0 Safari/537.36"
119.0.0.0,16/Nov/2023:22:22:16 +0100,,"Mozilla/5.0 (Windows NT 10.0; Win64; x64) AppleWebKit/537.36 (KHTML, like Gecko) Chrome/119.0.0.0 Safari/537.36"
10.82.191.157,16/Nov/2023:22:40:29 +0100,/~djovanoska/user2.html,"Mozilla/5.0 (Windows NT 10.0; Win64; x64) AppleWebKit/537.36 (KHTML, like Gecko) Chrome/119.0.0.0 Safari/537.36"
119.0.0.0,16/Nov/2023:22:40:29 +0100,/~djovanoska/styles.css,"Mozilla/5.0 (Windows NT 10.0; Win64; x64) AppleWebKit/537.36 (KHTML, like Gecko) Chrome/119.0.0.0 Safari/537.36"
10.82.191.157,16/Nov/2023:22:40:29 +0100,/~djovanoska/images/SU2.png,"Mozilla/5.0 (Windows NT 10.0; Win64; x64) AppleWebKit/537.36 (KHTML, like Gecko) Chrome/119.0.0.0 Safari/537.36"
119.0.0.0,16/Nov/2023:22:41:19 +0100,/~djovanoska/index.html,"Mozilla/5.0 (Windows NT 10.0; Win64; x64) AppleWebKit/537.36 (KHTML, like Gecko) Chrome/119.0.0.0 Safari/537.36"
10.82.191.157,16/Nov/2023:22:41:21 +0100,/~djovanoska/user.html,"Mozilla/5.0 (Windows NT 10.0; Win64; x64) AppleWebKit/537.36 (KHTML, like Gecko) Chrome/119.0.0.0 Safari/537.36"
119.0.0.0,16/Nov/2023:22:41:44 +0100,/~djovanoska/signin.html,"Mozilla/5.0 (Windows NT 10.0; Win64; x64) AppleWebKit/537.36 (KHTML, like Gecko) Chrome/119.0.0.0 Safari/537.36"
10.82.191.157,16/Nov/2023:22:42:00 +0100,/~djovanoska/user2.html,"Mozilla/5.0 (Windows NT 10.0; Win64; x64) AppleWebKit/537.36 (KHTML, like Gecko) Chrome/119.0.0.0 Safari/537.36"
119.0.0.0,16/Nov/2023:22:42:39 +0100,,"Mozilla/5.0 (Windows NT 10.0; Win64; x64) AppleWebKit/537.36 (KHTML, like Gecko) Chrome/119.0.0.0 Safari/537.36"
10.82.191.157,16/Nov/2023:22:51:31 +0100,/~djovanoska/user2.html,"Mozilla/5.0 (Windows NT 10.0; Win64; x64) AppleWebKit/537.36 (KHTML, like Gecko) Chrome/119.0.0.0 Safari/537.36"
119.0.0.0,16/Nov/2023:22:51:32 +0100,/~djovanoska/styles.css,"Mozilla/5.0 (Windows NT 10.0; Win64; x64) AppleWebKit/537.36 (KHTML, like Gecko) Chrome/119.0.0.0 Safari/537.36"
10.82.191.157,16/Nov/2023:22:51:47 +0100,,"Mozilla/5.0 (Windows NT 10.0; Win64; x64) AppleWebKit/537.36 (KHTML, like Gecko) Chrome/119.0.0.0 Safari/537.36"
119.0.0.0,16/Nov/2023:22:53:48 +0100,/~djovanoska/results1.php,"Mozilla/5.0 (Windows NT 10.0; Win64; x64) AppleWebKit/537.36 (KHTML, like Gecko) Chrome/119.0.0.0 Safari/537.36"
10.82.191.157,16/Nov/2023:22:54:41 +0100,/~djovanoska/results1.php,"Mozilla/5.0 (Windows NT 10.0; Win64; x64) AppleWebKit/537.36 (KHTML, like Gecko) Chrome/119.0.0.0 Safari/537.36"
119.0.0.0,16/Nov/2023:22:56:10 +0100,/~djovanoska/results1.php,"Mozilla/5.0 (Windows NT 10.0; Win64; x64) AppleWebKit/537.36 (KHTML, like Gecko) Chrome/119.0.0.0 Safari/537.36"
10.82.191.157,16/Nov/2023:22:57:02 +0100,/~djovanoska/index.html,"Mozilla/5.0 (Windows NT 10.0; Win64; x64) AppleWebKit/537.36 (KHTML, like Gecko) Chrome/119.0.0.0 Safari/537.36"
119.0.0.0,16/Nov/2023:22:57:25 +0100,/~djovanoska/user.html,"Mozilla/5.0 (Windows NT 10.0; Win64; x64) AppleWebKit/537.36 (KHTML, like Gecko) Chrome/119.0.0.0 Safari/537.36"
10.82.191.157,16/Nov/2023:23:00:08 +0100,/~djovanoska/user2.html,"Mozilla/5.0 (Windows NT 10.0; Win64; x64) AppleWebKit/537.36 (KHTML, like Gecko) Chrome/119.0.0.0 Safari/537.36"
119.0.0.0,16/Nov/2023:23:00:09 +0100,/~djovanoska/styles.css,"Mozilla/5.0 (Windows NT 10.0; Win64; x64) AppleWebKit/537.36 (KHTML, like Gecko) Chrome/119.0.0.0 Safari/537.36"
10.82.191.157,16/Nov/2023:23:00:09 +0100,/~djovanoska/images/SU2.png,"Mozilla/5.0 (Windows NT 10.0; Win64; x64) AppleWebKit/537.36 (KHTML, like Gecko) Chrome/119.0.0.0 Safari/537.36"
119.0.0.0,16/Nov/2023:23:00:22 +0100,,"Mozilla/5.0 (Windows NT 10.0; Win64; x64) AppleWebKit/537.36 (KHTML, like Gecko) Chrome/119.0.0.0 Safari/537.36"
10.82.191.157,16/Nov/2023:23:02:31 +0100,/~djovanoska/results1.php,"Mozilla/5.0 (Windows NT 10.0; Win64; x64) AppleWebKit/537.36 (KHTML, like Gecko) Chrome/119.0.0.0 Safari/537.36"
119.0.0.0,16/Nov/2023:23:02:40 +0100,,"Mozilla/5.0 (Windows NT 10.0; Win64; x64) AppleWebKit/537.36 (KHTML, like Gecko) Chrome/119.0.0.0 Safari/537.36"
10.82.191.157,16/Nov/2023:23:04:02 +0100,/~djovanoska/user2.html,"Mozilla/5.0 (Windows NT 10.0; Win64; x64) AppleWebKit/537.36 (KHTML, like Gecko) Chrome/119.0.0.0 Safari/537.36"
119.0.0.0,16/Nov/2023:23:04:19 +0100,,"Mozilla/5.0 (Windows NT 10.0; Win64; x64) AppleWebKit/537.36 (KHTML, like Gecko) Chrome/119.0.0.0 Safari/537.36"
10.82.191.157,16/Nov/2023:23:04:33 +0100,,"Mozilla/5.0 (Windows NT 10.0; Win64; x64) AppleWebKit/537.36 (KHTML, like Gecko) Chrome/119.0.0.0 Safari/537.36"
119.0.0.0,16/Nov/2023:23:06:17 +0100,/~djovanoska/user2.html,"Mozilla/5.0 (Windows NT 10.0; Win64; x64) AppleWebKit/537.36 (KHTML, like Gecko) Chrome/119.0.0.0 Safari/537.36"
10.82.191.157,16/Nov/2023:23:06:46 +0100,,"Mozilla/5.0 (Windows NT 10.0; Win64; x64) AppleWebKit/537.36 (KHTML, like Gecko) Chrome/119.0.0.0 Safari/537.36"
119.0.0.0,16/Nov/2023:23:06:47 +0100,/~djovanoska/details.php?type=fitness_goal&id=2,"Mozilla/5.0 (Windows NT 10.0; Win64; x64) AppleWebKit/537.36 (KHTML, like Gecko) Chrome/119.0.0.0 Safari/537.36"
10.82.191.157,16/Nov/2023:23:11:23 +0100,/~djovanoska/user2.html,"Mozilla/5.0 (Windows NT 10.0; Win64; x64) AppleWebKit/537.36 (KHTML, like Gecko) Chrome/119.0.0.0 Safari/537.36"
119.0.0.0,16/Nov/2023:23:11:23 +0100,/~djovanoska/styles.css,"Mozilla/5.0 (Windows NT 10.0; Win64; x64) AppleWebKit/537.36 (KHTML, like Gecko) Chrome/119.0.0.0 Safari/537.36"
10.82.191.157,16/Nov/2023:23:11:32 +0100,,"Mozilla/5.0 (Windows NT 10.0; Win64; x64) AppleWebKit/537.36 (KHTML, like Gecko) Chrome/119.0.0.0 Safari/537.36"
119.0.0.0,16/Nov/2023:23:11:34 +0100,/~djovanoska/details.php?type=fitness_goal&id=2,"Mozilla/5.0 (Windows NT 10.0; Win64; x64) AppleWebKit/537.36 (KHTML, like Gecko) Chrome/119.0.0.0 Safari/537.36"
10.82.191.157,16/Nov/2023:23:15:16 +0100,/~djovanoska/user2.html,"Mozilla/5.0 (Windows NT 10.0; Win64; x64) AppleWebKit/537.36 (KHTML, like Gecko) Chrome/119.0.0.0 Safari/537.36"
119.0.0.0,16/Nov/2023:23:15:16 +0100,/~djovanoska/images/SU2.png,"Mozilla/5.0 (Windows NT 10.0; Win64; x64) AppleWebKit/537.36 (KHTML, like Gecko) Chrome/119.0.0.0 Safari/537.36"
10.82.191.157,16/Nov/2023:23:15:30 +0100,,"Mozilla/5.0 (Windows NT 10.0; Win64; x64) AppleWebKit/537.36 (KHTML, like Gecko) Chrome/119.0.0.0 Safari/537.36"
119.0.0.0,16/Nov/2023:23:15:33 +0100,/~djovanoska/details.php?type=fitness_goal&id=1,"Mozilla/5.0 (Windows NT 10.0; Win64; x64) AppleWebKit/537.36 (KHTML, like Gecko) Chrome/119.0.0.0 Safari/537.36"
10.82.191.157,16/Nov/2023:23:16:44 +0100,/~djovanoska/user2.html,"Mozilla/5.0 (Windows NT 10.0; Win64; x64) AppleWebKit/537.36 (KHTML, like Gecko) Chrome/119.0.0.0 Safari/537.36"
119.0.0.0,16/Nov/2023:23:16:55 +0100,,"Mozilla/5.0 (Windows NT 10.0; Win64; x64) AppleWebKit/537.36 (KHTML, like Gecko) Chrome/119.0.0.0 Safari/537.36"
10.82.191.157,16/Nov/2023:23:16:57 +0100,/~djovanoska/details.php?type=fitness_goal&id=1,"Mozilla/5.0 (Windows NT 10.0; Win64; x64) AppleWebKit/537.36 (KHTML, like Gecko) Chrome/119.0.0.0 Safari/537.36"
119.0.0.0,16/Nov/2023:23:19:27 +0100,/~djovanoska/user2.html,"Mozilla/5.0 (Windows NT 10.0; Win64; x64) AppleWebKit/537.36 (KHTML, like Gecko) Chrome/119.0.0.0 Safari/537.36"
10.82.191.157,16/Nov/2023:23:19:27 +0100,/~djovanoska/styles.css,"Mozilla/5.0 (Windows NT 10.0; Win64; x64) AppleWebKit/537.36 (KHTML, like Gecko) Chrome/119.0.0.0 Safari/537.36"
119.0.0.0,16/Nov/2023:23:19:43 +0100,,"Mozilla/5.0 (Windows NT 10.0; Win64; x64) AppleWebKit/537.36 (KHTML, like Gecko) Chrome/119.0.0.0 Safari/537.36"
10.82.191.157,16/Nov/2023:23:19:45 +0100,/~djovanoska/details.php?type=workout&id=2,"Mozilla/5.0 (Windows NT 10.0; Win64; x64) AppleWebKit/537.36 (KHTML, like Gecko) Chrome/119.0.0.0 Safari/537.36"
119.0.0.0,16/Nov/2023:23:19:48 +0100,/~djovanoska/details.php?type=workout&id=2,"Mozilla/5.0 (Windows NT 10.0; Win64; x64) AppleWebKit/537.36 (KHTML, like Gecko) Chrome/119.0.0.0 Safari/537.36"
10.82.191.157,16/Nov/2023:23:20:11 +0100,/~djovanoska/details.php?type=workout&id=2,"Mozilla/5.0 (Windows NT 10.0; Win64; x64) AppleWebKit/537.36 (KHTML, like Gecko) Chrome/119.0.0.0 Safari/537.36"
119.0.0.0,16/Nov/2023:23:20:12 +0100,/~djovanoska/details.php?type=workout&id=2,"Mozilla/5.0 (Windows NT 10.0; Win64; x64) AppleWebKit/537.36 (KHTML, like Gecko) Chrome/119.0.0.0 Safari/537.36"
10.82.191.157,16/Nov/2023:23:21:33 +0100,/~djovanoska/user2.html,"Mozilla/5.0 (Windows NT 10.0; Win64; x64) AppleWebKit/537.36 (KHTML, like Gecko) Chrome/119.0.0.0 Safari/537.36"
119.0.0.0,16/Nov/2023:23:21:43 +0100,,"Mozilla/5.0 (Windows NT 10.0; Win64; x64) AppleWebKit/537.36 (KHTML, like Gecko) Chrome/119.0.0.0 Safari/537.36"
10.82.191.157,16/Nov/2023:23:21:53 +0100,/~djovanoska/details.php?type=workout&id=2,"Mozilla/5.0 (Windows NT 10.0; Win64; x64) AppleWebKit/537.36 (KHTML, like Gecko) Chrome/119.0.0.0 Safari/537.36"
119.0.0.0,16/Nov/2023:23:24:42 +0100,/~djovanoska/user2.html,"Mozilla/5.0 (Windows NT 10.0; Win64; x64) AppleWebKit/537.36 (KHTML, like Gecko) Chrome/119.0.0.0 Safari/537.36"
10.82.191.157,16/Nov/2023:23:24:53 +0100,,"Mozilla/5.0 (Windows NT 10.0; Win64; x64) AppleWebKit/537.36 (KHTML, like Gecko) Chrome/119.0.0.0 Safari/537.36"
119.0.0.0,16/Nov/2023:23:24:55 +0100,/~djovanoska/details.php?type=workout&id=2,"Mozilla/5.0 (Windows NT 10.0; Win64; x64) AppleWebKit/537.36 (KHTML, like Gecko) Chrome/119.0.0.0 Safari/537.36"
10.82.191.157,16/Nov/2023:23:25:41 +0100,,"Mozilla/5.0 (Windows NT 10.0; Win64; x64) AppleWebKit/537.36 (KHTML, like Gecko) Chrome/119.0.0.0 Safari/537.36"
119.0.0.0,16/Nov/2023:23:25:43 +0100,/~djovanoska/details.php?type=fitness_goal&id=2,"Mozilla/5.0 (Windows NT 10.0; Win64; x64) AppleWebKit/537.36 (KHTML, like Gecko) Chrome/119.0.0.0 Safari/537.36"
10.82.191.157,16/Nov/2023:23:25:54 +0100,,"Mozilla/5.0 (Windows NT 10.0; Win64; x64) AppleWebKit/537.36 (KHTML, like Gecko) Chrome/119.0.0.0 Safari/537.36"
119.0.0.0,16/Nov/2023:23:25:56 +0100,/~djovanoska/details.php?type=workout&id=2,"Mozilla/5.0 (Windows NT 10.0; Win64; x64) AppleWebKit/537.36 (KHTML, like Gecko) Chrome/119.0.0.0 Safari/537.36"
10.82.191.157,16/Nov/2023:23:29:11 +0100,/~djovanoska/user2.html,"Mozilla/5.0 (Windows NT 10.0; Win64; x64) AppleWebKit/537.36 (KHTML, like Gecko) Chrome/119.0.0.0 Safari/537.36"
119.0.0.0,16/Nov/2023:23:29:12 +0100,/~djovanoska/styles.css,"Mozilla/5.0 (Windows NT 10.0; Win64; x64) AppleWebKit/537.36 (KHTML, like Gecko) Chrome/119.0.0.0 Safari/537.36"
10.82.191.157,16/Nov/2023:23:29:25 +0100,,"Mozilla/5.0 (Windows NT 10.0; Win64; x64) AppleWebKit/537.36 (KHTML, like Gecko) Chrome/119.0.0.0 Safari/537.36"
119.0.0.0,16/Nov/2023:23:29:27 +0100,/~djovanoska/details.php?type=fitness_goal&id=4,"Mozilla/5.0 (Windows NT 10.0; Win64; x64) AppleWebKit/537.36 (KHTML, like Gecko) Chrome/119.0.0.0 Safari/537.36"
10.82.191.157,16/Nov/2023:23:29:36 +0100,,"Mozilla/5.0 (Windows NT 10.0; Win64; x64) AppleWebKit/537.36 (KHTML, like Gecko) Chrome/119.0.0.0 Safari/537.36"
119.0.0.0,16/Nov/2023:23:30:02 +0100,/~djovanoska/details.php?type=workout&id=3,"Mozilla/5.0 (Windows NT 10.0; Win64; x64) AppleWebKit/537.36 (KHTML, like Gecko) Chrome/119.0.0.0 Safari/537.36"
10.82.191.157,16/Nov/2023:23:35:16 +0100,/~djovanoska/user2.html,"Mozilla/5.0 (Windows NT 10.0; Win64; x64) AppleWebKit/537.36 (KHTML, like Gecko) Chrome/119.0.0.0 Safari/537.36"
119.0.0.0,16/Nov/2023:23:35:29 +0100,,"Mozilla/5.0 (Windows NT 10.0; Win64; x64) AppleWebKit/537.36 (KHTML, like Gecko) Chrome/119.0.0.0 Safari/537.36"
10.82.191.157,16/Nov/2023:23:35:32 +0100,/~djovanoska/details.php?type=workout&id=3,"Mozilla/5.0 (Windows NT 10.0; Win64; x64) AppleWebKit/537.36 (KHTML, like Gecko) Chrome/119.0.0.0 Safari/537.36"
119.0.0.0,16/Nov/2023:23:35:43 +0100,,"Mozilla/5.0 (Windows NT 10.0; Win64; x64) AppleWebKit/537.36 (KHTML, like Gecko) Chrome/119.0.0.0 Safari/537.36"
10.82.191.157,16/Nov/2023:23:35:44 +0100,/~djovanoska/details.php?type=meal&id=3,"Mozilla/5.0 (Windows NT 10.0; Win64; x64) AppleWebKit/537.36 (KHTML, like Gecko) Chrome/119.0.0.0 Safari/537.36"
119.0.0.0,16/Nov/2023:23:36:40 +0100,/~djovanoska/user2.html,"Mozilla/5.0 (Windows NT 10.0; Win64; x64) AppleWebKit/537.36 (KHTML, like Gecko) Chrome/119.0.0.0 Safari/537.36"
10.82.191.157,16/Nov/2023:23:36:51 +0100,,"Mozilla/5.0 (Windows NT 10.0; Win64; x64) AppleWebKit/537.36 (KHTML, like Gecko) Chrome/119.0.0.0 Safari/537.36"
119.0.0.0,16/Nov/2023:23:36:53 +0100,/~djovanoska/details.php?type=workout&id=3,"Mozilla/5.0 (Windows NT 10.0; Win64; x64) AppleWebKit/537.36 (KHTML, like Gecko) Chrome/119.0.0.0 Safari/537.36"
10.82.191.157,16/Nov/2023:23:39:56 +0100,/~djovanoska/user2.html,"Mozilla/5.0 (Windows NT 10.0; Win64; x64) AppleWebKit/537.36 (KHTML, like Gecko) Chrome/119.0.0.0 Safari/537.36"
119.0.0.0,16/Nov/2023:23:39:56 +0100,/~djovanoska/styles.css,"Mozilla/5.0 (Windows NT 10.0; Win64; x64) AppleWebKit/537.36 (KHTML, like Gecko) Chrome/119.0.0.0 Safari/537.36"
10.82.191.157,16/Nov/2023:23:40:08 +0100,,"Mozilla/5.0 (Windows NT 10.0; Win64; x64) AppleWebKit/537.36 (KHTML, like Gecko) Chrome/119.0.0.0 Safari/537.36"
119.0.0.0,16/Nov/2023:23:40:09 +0100,/~djovanoska/details.php?type=workout&id=3,"Mozilla/5.0 (Windows NT 10.0; Win64; x64) AppleWebKit/537.36 (KHTML, like Gecko) Chrome/119.0.0.0 Safari/537.36"
10.82.191.157,16/Nov/2023:23:42:04 +0100,/~djovanoska/user2.html,"Mozilla/5.0 (Windows NT 10.0; Win64; x64) AppleWebKit/537.36 (KHTML, like Gecko) Chrome/119.0.0.0 Safari/537.36"
119.0.0.0,16/Nov/2023:23:42:12 +0100,,"Mozilla/5.0 (Windows NT 10.0; Win64; x64) AppleWebKit/537.36 (KHTML, like Gecko) Chrome/119.0.0.0 Safari/537.36"
10.82.191.157,16/Nov/2023:23:42:14 +0100,/~djovanoska/details.php?type=meal&id=2,"Mozilla/5.0 (Windows NT 10.0; Win64; x64) AppleWebKit/537.36 (KHTML, like Gecko) Chrome/119.0.0.0 Safari/537.36"
119.0.0.0,16/Nov/2023:23:44:47 +0100,/~djovanoska/user2.html,"Mozilla/5.0 (Windows NT 10.0; Win64; x64) AppleWebKit/537.36 (KHTML, like Gecko) Chrome/119.0.0.0 Safari/537.36"
10.82.191.157,16/Nov/2023:23:44:47 +0100,/~djovanoska/images/SU2.png,"Mozilla/5.0 (Windows NT 10.0; Win64; x64) AppleWebKit/537.36 (KHTML, like Gecko) Chrome/119.0.0.0 Safari/537.36"
119.0.0.0,16/Nov/2023:23:44:57 +0100,,"Mozilla/5.0 (Windows NT 10.0; Win64; x64) AppleWebKit/537.36 (KHTML, like Gecko) Chrome/119.0.0.0 Safari/537.36"
10.82.191.157,16/Nov/2023:23:44:58 +0100,/~djovanoska/details.php?type=workout&id=2,"Mozilla/5.0 (Windows NT 10.0; Win64; x64) AppleWebKit/537.36 (KHTML, like Gecko) Chrome/119.0.0.0 Safari/537.36"
119.0.0.0,16/Nov/2023:23:49:39 +0100,/~djovanoska/user2.html,"Mozilla/5.0 (Windows NT 10.0; Win64; x64) AppleWebKit/537.36 (KHTML, like Gecko) Chrome/119.0.0.0 Safari/537.36"
10.82.191.157,16/Nov/2023:23:49:50 +0100,,"Mozilla/5.0 (Windows NT 10.0; Win64; x64) AppleWebKit/537.36 (KHTML, like Gecko) Chrome/119.0.0.0 Safari/537.36"
119.0.0.0,16/Nov/2023:23:49:52 +0100,/~djovanoska/details.php?type=workout&id=2,"Mozilla/5.0 (Windows NT 10.0; Win64; x64) AppleWebKit/537.36 (KHTML, like Gecko) Chrome/119.0.0.0 Safari/537.36"
10.82.191.157,16/Nov/2023:23:56:48 +0100,/~djovanoska/signin.html,"Mozilla/5.0 (Windows NT 10.0; Win64; x64) AppleWebKit/537.36 (KHTML, like Gecko) Chrome/119.0.0.0 Safari/537.36"
119.0.0.0,16/Nov/2023:23:56:49 +0100,/~djovanoska/styles.css,"Mozilla/5.0 (Windows NT 10.0; Win64; x64) AppleWebKit/537.36 (KHTML, like Gecko) Chrome/119.0.0.0 Safari/537.36"
10.82.191.157,16/Nov/2023:23:56:57 +0100,/~djovanoska/user.html,"Mozilla/5.0 (Windows NT 10.0; Win64; x64) AppleWebKit/537.36 (KHTML, like Gecko) Chrome/119.0.0.0 Safari/537.36"
119.0.0.0,16/Nov/2023:23:59:02 +0100,/~djovanoska/user2.html,"Mozilla/5.0 (Windows NT 10.0; Win64; x64) AppleWebKit/537.36 (KHTML, like Gecko) Chrome/119.0.0.0 Safari/537.36"
10.82.191.157,17/Nov/2023:21:05:22 +0100,/~djovanoska/images/Logo.png,"Mozilla/5.0 (Macintosh; Intel Mac OS X 10_15_7) AppleWebKit/537.36 (KHTML, like Gecko) Chrome/119.0.0.0 Safari/537.36"
119.0.0.0,17/Nov/2023:21:05:22 +0100,/~djovanoska/styles.css,"Mozilla/5.0 (Macintosh; Intel Mac OS X 10_15_7) AppleWebKit/537.36 (KHTML, like Gecko) Chrome/119.0.0.0 Safari/537.36"
10.82.191.157,17/Nov/2023:21:05:22 +0100,/~djovanoska/images/Sign.png,"Mozilla/5.0 (Macintosh; Intel Mac OS X 10_15_7) AppleWebKit/537.36 (KHTML, like Gecko) Chrome/119.0.0.0 Safari/537.36"
119.0.0.0,17/Nov/2023:21:05:24 +0100,/~djovanoska/signin.html,"Mozilla/5.0 (Macintosh; Intel Mac OS X 10_15_7) AppleWebKit/537.36 (KHTML, like Gecko) Chrome/119.0.0.0 Safari/537.36"
10.82.191.157,17/Nov/2023:21:05:28 +0100,,"Mozilla/5.0 (Macintosh; Intel Mac OS X 10_15_7) AppleWebKit/537.36 (KHTML, like Gecko) Chrome/119.0.0.0 Safari/537.36"
119.0.0.0,17/Nov/2023:21:05:40 +0100,/~djovanoska/user.html,"Mozilla/5.0 (Macintosh; Intel Mac OS X 10_15_7) AppleWebKit/537.36 (KHTML, like Gecko) Chrome/119.0.0.0 Safari/537.36"
10.82.191.157,17/Nov/2023:21:05:41 +0100,/~djovanoska/images/SU.png,"Mozilla/5.0 (Macintosh; Intel Mac OS X 10_15_7) AppleWebKit/537.36 (KHTML, like Gecko) Chrome/119.0.0.0 Safari/537.36"
119.0.0.0,17/Nov/2023:21:05:52 +0100,,"Mozilla/5.0 (Macintosh; Intel Mac OS X 10_15_7) AppleWebKit/537.36 (KHTML, like Gecko) Chrome/119.0.0.0 Safari/537.36"
10.82.191.157,17/Nov/2023:21:06:03 +0100,,"Mozilla/5.0 (Macintosh; Intel Mac OS X 10_15_7) AppleWebKit/537.36 (KHTML, like Gecko) Chrome/119.0.0.0 Safari/537.36"
119.0.0.0,17/Nov/2023:21:06:09 +0100,,"Mozilla/5.0 (Macintosh; Intel Mac OS X 10_15_7) AppleWebKit/537.36 (KHTML, like Gecko) Chrome/119.0.0.0 Safari/537.36"
10.82.191.157,17/Nov/2023:21:06:43 +0100,,"Mozilla/5.0 (Macintosh; Intel Mac OS X 10_15_7) AppleWebKit/537.36 (KHTML, like Gecko) Chrome/119.0.0.0 Safari/537.36"
119.0.0.0,17/Nov/2023:21:06:50 +0100,,"Mozilla/5.0 (Macintosh; Intel Mac OS X 10_15_7) AppleWebKit/537.36 (KHTML, like Gecko) Chrome/119.0.0.0 Safari/537.36"
10.82.191.157,17/Nov/2023:21:07:06 +0100,/~djovanoska/index.html,"Mozilla/5.0 (Macintosh; Intel Mac OS X 10_15_7) AppleWebKit/537.36 (KHTML, like Gecko) Chrome/119.0.0.0 Safari/537.36"
119.0.0.0,17/Nov/2023:21:07:06 +0100,/~djovanoska/images/Logo1.png,"Mozilla/5.0 (Macintosh; Intel Mac OS X 10_15_7) AppleWebKit/537.36 (KHTML, like Gecko) Chrome/119.0.0.0 Safari/537.36"
10.82.191.157,17/Nov/2023:21:07:06 +0100,/~djovanoska/images/START_TODAY!.png,"Mozilla/5.0 (Macintosh; Intel Mac OS X 10_15_7) AppleWebKit/537.36 (KHTML, like Gecko) Chrome/119.0.0.0 Safari/537.36"
119.0.0.0,17/Nov/2023:21:07:06 +0100,/~djovanoska/images/WWW.png,"Mozilla/5.0 (Macintosh; Intel Mac OS X 10_15_7) AppleWebKit/537.36 (KHTML, like Gecko) Chrome/119.0.0.0 Safari/537.36"
10.82.191.157,17/Nov/2023:21:07:06 +0100,/~djovanoska/images/BG1.png,"Mozilla/5.0 (Macintosh; Intel Mac OS X 10_15_7) AppleWebKit/537.36 (KHTML, like Gecko) Chrome/119.0.0.0 Safari/537.36"
119.0.0.0,17/Nov/2023:21:07:09 +0100,/~djovanoska/contact.html,"Mozilla/5.0 (Macintosh; Intel Mac OS X 10_15_7) AppleWebKit/537.36 (KHTML, like Gecko) Chrome/119.0.0.0 Safari/537.36"
10.82.191.157,17/Nov/2023:21:07:14 +0100,/~djovanoska/imprint.html,"Mozilla/5.0 (Macintosh; Intel Mac OS X 10_15_7) AppleWebKit/537.36 (KHTML, like Gecko) Chrome/119.0.0.0 Safari/537.36"
119.0.0.0,17/Nov/2023:21:07:14 +0100,/~djovanoska/images/imprint.png,"Mozilla/5.0 (Macintosh; Intel Mac OS X 10_15_7) AppleWebKit/537.36 (KHTML, like Gecko) Chrome/119.0.0.0 Safari/537.36"
10.82.191.157,19/Nov/2023:19:35:49 +0100,/~djovanoska/signin.html,"Mozilla/5.0 (Macintosh; Intel Mac OS X 10_15_7) AppleWebKit/605.1.15 (KHTML, like Gecko) Version/17.0 Safari/605.1.15"
119.0.0.0,19/Nov/2023:19:35:49 +0100,/~djovanoska/styles.css,"Mozilla/5.0 (Macintosh; Intel Mac OS X 10_15_7) AppleWebKit/605.1.15 (KHTML, like Gecko) Version/17.0 Safari/605.1.15"
10.82.191.157,19/Nov/2023:19:35:50 +0100,/~djovanoska/images/Sign.png,"Mozilla/5.0 (Macintosh; Intel Mac OS X 10_15_7) AppleWebKit/605.1.15 (KHTML, like Gecko) Version/17.0 Safari/605.1.15"
119.0.0.0,19/Nov/2023:19:35:50 +0100,/~djovanoska/images/Logo.png,"Mozilla/5.0 (Macintosh; Intel Mac OS X 10_15_7) AppleWebKit/605.1.15 (KHTML, like Gecko) Version/17.0 Safari/605.1.15"
10.82.191.157,21/Nov/2023:18:04:56 +0100,/~djovanoska/imprint.html,"Mozilla/5.0 (Windows NT 10.0; Win64; x64) AppleWebKit/537.36 (KHTML, like Gecko) Chrome/119.0.0.0 Safari/537.36"
119.0.0.0,21/Nov/2023:18:04:56 +0100,/~djovanoska/styles.css,"Mozilla/5.0 (Windows NT 10.0; Win64; x64) AppleWebKit/537.36 (KHTML, like Gecko) Chrome/119.0.0.0 Safari/537.36"
10.82.191.157,21/Nov/2023:18:04:56 +0100,/~djovanoska/images/Logo.png,"Mozilla/5.0 (Windows NT 10.0; Win64; x64) AppleWebKit/537.36 (KHTML, like Gecko) Chrome/119.0.0.0 Safari/537.36"
119.0.0.0,21/Nov/2023:18:04:56 +0100,/~djovanoska/images/imprint.png,"Mozilla/5.0 (Windows NT 10.0; Win64; x64) AppleWebKit/537.36 (KHTML, like Gecko) Chrome/119.0.0.0 Safari/537.36"
10.82.191.157,21/Nov/2023:18:04:57 +0100,/favicon.ico,"Mozilla/5.0 (Windows NT 10.0; Win64; x64) AppleWebKit/537.36 (KHTML, like Gecko) Chrome/119.0.0.0 Safari/537.36"
119.0.0.0,21/Nov/2023:18:04:59 +0100,/~djovanoska/index.html,"Mozilla/5.0 (Windows NT 10.0; Win64; x64) AppleWebKit/537.36 (KHTML, like Gecko) Chrome/119.0.0.0 Safari/537.36"
10.82.191.157,21/Nov/2023:18:04:59 +0100,/~djovanoska/images/Logo1.png,"Mozilla/5.0 (Windows NT 10.0; Win64; x64) AppleWebKit/537.36 (KHTML, like Gecko) Chrome/119.0.0.0 Safari/537.36"
119.0.0.0,21/Nov/2023:18:04:59 +0100,/~djovanoska/images/START_TODAY!.png,"Mozilla/5.0 (Windows NT 10.0; Win64; x64) AppleWebKit/537.36 (KHTML, like Gecko) Chrome/119.0.0.0 Safari/537.36"
10.82.191.157,21/Nov/2023:18:04:59 +0100,/~djovanoska/images/WWW.png,"Mozilla/5.0 (Windows NT 10.0; Win64; x64) AppleWebKit/537.36 (KHTML, like Gecko) Chrome/119.0.0.0 Safari/537.36"
119.0.0.0,21/Nov/2023:18:04:59 +0100,/~djovanoska/images/BG1.png,"Mozilla/5.0 (Windows NT 10.0; Win64; x64) AppleWebKit/537.36 (KHTML, like Gecko) Chrome/119.0.0.0 Safari/537.36"
10.82.191.157,21/Nov/2023:18:05:12 +0100,/~djovanoska/signin.html,"Mozilla/5.0 (Windows NT 10.0; Win64; x64) AppleWebKit/537.36 (KHTML, like Gecko) Chrome/119.0.0.0 Safari/537.36"
119.0.0.0,21/Nov/2023:18:05:12 +0100,/~djovanoska/images/Sign.png,"Mozilla/5.0 (Windows NT 10.0; Win64; x64) AppleWebKit/537.36 (KHTML, like Gecko) Chrome/119.0.0.0 Safari/537.36"
10.82.191.157,21/Nov/2023:18:05:26 +0100,/~djovanoska/user.html,"Mozilla/5.0 (Windows NT 10.0; Win64; x64) AppleWebKit/537.36 (KHTML, like Gecko) Chrome/119.0.0.0 Safari/537.36"
119.0.0.0,21/Nov/2023:18:05:26 +0100,/~djovanoska/images/SU.png,"Mozilla/5.0 (Windows NT 10.0; Win64; x64) AppleWebKit/537.36 (KHTML, like Gecko) Chrome/119.0.0.0 Safari/537.36"
10.82.191.157,21/Nov/2023:18:06:36 +0100,,"Mozilla/5.0 (Windows NT 10.0; Win64; x64) AppleWebKit/537.36 (KHTML, like Gecko) Chrome/119.0.0.0 Safari/537.36"
119.0.0.0,21/Nov/2023:18:06:36 +0100,/~djovanoska/signin.html,"Mozilla/5.0 (Windows NT 10.0; Win64; x64) AppleWebKit/537.36 (KHTML, like Gecko) Chrome/119.0.0.0 Safari/537.36"
10.82.191.157,21/Nov/2023:18:06:48 +0100,,"Mozilla/5.0 (Windows NT 10.0; Win64; x64) AppleWebKit/537.36 (KHTML, like Gecko) Chrome/119.0.0.0 Safari/537.36"
119.0.0.0,21/Nov/2023:18:06:48 +0100,/~djovanoska/user2.html,"Mozilla/5.0 (Windows NT 10.0; Win64; x64) AppleWebKit/537.36 (KHTML, like Gecko) Chrome/119.0.0.0 Safari/537.36"
10.82.191.157,21/Nov/2023:18:06:48 +0100,/~djovanoska/images/SU2.png,"Mozilla/5.0 (Windows NT 10.0; Win64; x64) AppleWebKit/537.36 (KHTML, like Gecko) Chrome/119.0.0.0 Safari/537.36"
119.0.0.0,21/Nov/2023:18:08:05 +0100,,"Mozilla/5.0 (Windows NT 10.0; Win64; x64) AppleWebKit/537.36 (KHTML, like Gecko) Chrome/119.0.0.0 Safari/537.36"
10.82.191.157,21/Nov/2023:18:08:12 +0100,/~djovanoska/details.php?type=fitness_goal&id=2,"Mozilla/5.0 (Windows NT 10.0; Win64; x64) AppleWebKit/537.36 (KHTML, like Gecko) Chrome/119.0.0.0 Safari/537.36"
119.0.0.0,21/Nov/2023:18:08:21 +0100,,"Mozilla/5.0 (Windows NT 10.0; Win64; x64) AppleWebKit/537.36 (KHTML, like Gecko) Chrome/119.0.0.0 Safari/537.36"
10.82.191.157,21/Nov/2023:18:08:23 +0100,/~djovanoska/details.php?type=workout&id=2,"Mozilla/5.0 (Windows NT 10.0; Win64; x64) AppleWebKit/537.36 (KHTML, like Gecko) Chrome/119.0.0.0 Safari/537.36"
119.0.0.0,21/Nov/2023:18:08:29 +0100,,"Mozilla/5.0 (Windows NT 10.0; Win64; x64) AppleWebKit/537.36 (KHTML, like Gecko) Chrome/119.0.0.0 Safari/537.36"
10.82.191.157,21/Nov/2023:18:08:31 +0100,/~djovanoska/details.php?type=meal&id=1,"Mozilla/5.0 (Windows NT 10.0; Win64; x64) AppleWebKit/537.36 (KHTML, like Gecko) Chrome/119.0.0.0 Safari/537.36"
119.0.0.0,21/Nov/2023:18:37:00 +0100,/~djovanoska/,"Mozilla/5.0 (Windows NT 10.0; Win64; x64) AppleWebKit/537.36 (KHTML, like Gecko) Chrome/119.0.0.0 Safari/537.36"
10.82.191.157,21/Nov/2023:18:37:00 +0100,/~djovanoska/styles.css,"Mozilla/5.0 (Windows NT 10.0; Win64; x64) AppleWebKit/537.36 (KHTML, like Gecko) Chrome/119.0.0.0 Safari/537.36"
119.0.0.0,21/Nov/2023:18:37:00 +0100,/~djovanoska/images/Logo1.png,"Mozilla/5.0 (Windows NT 10.0; Win64; x64) AppleWebKit/537.36 (KHTML, like Gecko) Chrome/119.0.0.0 Safari/537.36"
10.82.191.157,21/Nov/2023:18:37:00 +0100,/~djovanoska/images/Logo.png,"Mozilla/5.0 (Windows NT 10.0; Win64; x64) AppleWebKit/537.36 (KHTML, like Gecko) Chrome/119.0.0.0 Safari/537.36"
119.0.0.0,21/Nov/2023:18:37:00 +0100,/~djovanoska/images/WWW.png,"Mozilla/5.0 (Windows NT 10.0; Win64; x64) AppleWebKit/537.36 (KHTML, like Gecko) Chrome/119.0.0.0 Safari/537.36"
10.82.191.157,21/Nov/2023:18:37:00 +0100,/~djovanoska/images/START_TODAY!.png,"Mozilla/5.0 (Windows NT 10.0; Win64; x64) AppleWebKit/537.36 (KHTML, like Gecko) Chrome/119.0.0.0 Safari/537.36"
119.0.0.0,21/Nov/2023:18:37:00 +0100,/~djovanoska/images/BG1.png,"Mozilla/5.0 (Windows NT 10.0; Win64; x64) AppleWebKit/537.36 (KHTML, like Gecko) Chrome/119.0.0.0 Safari/537.36"
10.82.191.157,21/Nov/2023:18:37:01 +0100,/favicon.ico,"Mozilla/5.0 (Windows NT 10.0; Win64; x64) AppleWebKit/537.36 (KHTML, like Gecko) Chrome/119.0.0.0 Safari/537.36"
